Start,Finish,Distance (mi),Flights Climbed (count),Steps (count)
03-Sep-2015 00:00,04-Sep-2015 00:00,0.493909319573689,1.0,938.0
04-Sep-2015 00:00,05-Sep-2015 00:00,0.0,0.0,0.0
05-Sep-2015 00:00,06-Sep-2015 00:00,2.74313633381055,0.0,5623.0
06-Sep-2015 00:00,07-Sep-2015 00:00,2.78428974787243,3.0,5447.0
07-Sep-2015 00:00,08-Sep-2015 00:00,2.2086390479599,0.0,4588.0
08-Sep-2015 00:00,09-Sep-2015 00:00,1.11178219199872,0.0,2233.0
09-Sep-2015 00:00,10-Sep-2015 00:00,2.63664573888489,3.0,5354.0
10-Sep-2015 00:00,11-Sep-2015 00:00,5.31724727590874,15.0,12181.0
11-Sep-2015 00:00,12-Sep-2015 00:00,4.04511403404111,12.0,8981.0
12-Sep-2015 00:00,13-Sep-2015 00:00,2.20903672552292,9.0,4568.0
13-Sep-2015 00:00,14-Sep-2015 00:00,2.67658747912195,4.0,5690.0
14-Sep-2015 00:00,15-Sep-2015 00:00,2.85685347570186,6.0,6243.0
15-Sep-2015 00:00,16-Sep-2015 00:00,2.91761115087879,6.0,5971.0
16-Sep-2015 00:00,17-Sep-2015 00:00,2.68765410005547,3.0,5651.0
17-Sep-2015 00:00,18-Sep-2015 00:00,2.12612716734272,4.0,4921.0
18-Sep-2015 00:00,19-Sep-2015 00:00,2.17941596078893,2.0,4699.0
19-Sep-2015 00:00,20-Sep-2015 00:00,2.91580296070936,6.0,6461.0
20-Sep-2015 00:00,21-Sep-2015 00:00,3.6160075161061,3.0,7408.0
21-Sep-2015 00:00,22-Sep-2015 00:00,4.3841590113737,14.0,9327.0
22-Sep-2015 00:00,23-Sep-2015 00:00,3.70523020559977,15.0,7778.0
23-Sep-2015 00:00,24-Sep-2015 00:00,3.09066302791702,2.0,6527.0
24-Sep-2015 00:00,25-Sep-2015 00:00,3.21496212121203,5.0,6864.0
25-Sep-2015 00:00,26-Sep-2015 00:00,2.90745953379563,6.0,6345.0
26-Sep-2015 00:00,27-Sep-2015 00:00,1.86472714599457,10.0,3931.0
27-Sep-2015 00:00,28-Sep-2015 00:00,4.30720218921513,3.0,9138.0
28-Sep-2015 00:00,29-Sep-2015 00:00,3.50476343155979,4.0,7674.0
29-Sep-2015 00:00,30-Sep-2015 00:00,2.79266583154389,7.0,5726.0
30-Sep-2015 00:00,01-Oct-2015 00:00,2.6265422432993,5.0,5718.0
01-Oct-2015 00:00,02-Oct-2015 00:00,1.87171294639306,5.0,3877.0
02-Oct-2015 00:00,03-Oct-2015 00:00,4.14396797701418,4.0,8563.0
03-Oct-2015 00:00,04-Oct-2015 00:00,3.24580698719523,8.0,7245.0
04-Oct-2015 00:00,05-Oct-2015 00:00,3.81822655690777,5.0,7938.0
05-Oct-2015 00:00,06-Oct-2015 00:00,4.16585888411697,5.0,8453.0
06-Oct-2015 00:00,07-Oct-2015 00:00,2.26205832935684,3.0,4904.0
07-Oct-2015 00:00,08-Oct-2015 00:00,2.51434746082895,5.0,5221.0
08-Oct-2015 00:00,09-Oct-2015 00:00,2.90506566650778,3.0,6218.0
09-Oct-2015 00:00,10-Oct-2015 00:00,3.91660825777495,4.0,8049.0
10-Oct-2015 00:00,11-Oct-2015 00:00,1.79086012685931,13.0,3365.0
11-Oct-2015 00:00,12-Oct-2015 00:00,3.87570960590208,10.0,8282.0
12-Oct-2015 00:00,13-Oct-2015 00:00,3.46228649685877,2.0,7512.0
13-Oct-2015 00:00,14-Oct-2015 00:00,2.3021305575439,14.0,5054.0
14-Oct-2015 00:00,15-Oct-2015 00:00,2.10269525968368,4.0,4657.0
15-Oct-2015 00:00,16-Oct-2015 00:00,3.08039797582139,5.0,6521.0
16-Oct-2015 00:00,17-Oct-2015 00:00,1.97626486319924,5.0,4250.0
17-Oct-2015 00:00,18-Oct-2015 00:00,3.88023940189332,9.0,8797.0
18-Oct-2015 00:00,19-Oct-2015 00:00,1.05297562236539,0.0,2146.0
19-Oct-2015 00:00,20-Oct-2015 00:00,2.5944857034918,14.0,5613.0
20-Oct-2015 00:00,21-Oct-2015 00:00,4.746665865479,27.0,10507.0
21-Oct-2015 00:00,22-Oct-2015 00:00,2.1140352839417,5.0,4360.0
22-Oct-2015 00:00,23-Oct-2015 00:00,0.952916219279485,2.0,2262.0
23-Oct-2015 00:00,24-Oct-2015 00:00,3.24340849439282,10.0,7051.0
24-Oct-2015 00:00,25-Oct-2015 00:00,2.60639117553496,18.0,5903.0
25-Oct-2015 00:00,26-Oct-2015 00:00,4.12442585301841,8.0,8988.0
26-Oct-2015 00:00,27-Oct-2015 00:00,2.14154338662224,3.0,4798.0
27-Oct-2015 00:00,28-Oct-2015 00:00,3.27294226716003,7.0,7636.0
28-Oct-2015 00:00,29-Oct-2015 00:00,2.21250397677554,4.0,5063.0
29-Oct-2015 00:00,30-Oct-2015 00:00,1.52560297860495,8.0,3651.0
30-Oct-2015 00:00,31-Oct-2015 00:00,1.46857353058186,5.0,3460.0
31-Oct-2015 00:00,01-Nov-2015 00:00,2.35078392189589,3.0,4768.0
01-Nov-2015 00:00,02-Nov-2015 00:00,2.87157375924631,6.0,6339.0
02-Nov-2015 00:00,03-Nov-2015 00:00,1.32267557464383,5.0,3001.0
03-Nov-2015 00:00,04-Nov-2015 00:00,1.20115401057819,4.0,2666.0
04-Nov-2015 00:00,05-Nov-2015 00:00,1.36117573371534,4.0,2864.0
05-Nov-2015 00:00,06-Nov-2015 00:00,1.22816501630495,3.0,2638.0
06-Nov-2015 00:00,07-Nov-2015 00:00,2.17842798059328,7.0,4522.0
07-Nov-2015 00:00,08-Nov-2015 00:00,4.68198843752547,14.0,10014.0
08-Nov-2015 00:00,09-Nov-2015 00:00,1.87191177204907,4.0,3934.0
09-Nov-2015 00:00,10-Nov-2015 00:00,1.19822113855052,3.0,2737.0
10-Nov-2015 00:00,11-Nov-2015 00:00,1.63984207229793,9.0,3508.0
11-Nov-2015 00:00,12-Nov-2015 00:00,5.26921137890277,19.0,11497.0
12-Nov-2015 00:00,13-Nov-2015 00:00,2.00042377515325,5.0,4387.0
13-Nov-2015 00:00,14-Nov-2015 00:00,1.70469112556426,5.0,4208.0
14-Nov-2015 00:00,15-Nov-2015 00:00,4.4477502744947,5.0,6976.0
15-Nov-2015 00:00,16-Nov-2015 00:00,3.19886239362162,12.0,7131.0
16-Nov-2015 00:00,17-Nov-2015 00:00,1.91893715700338,5.0,4251.0
17-Nov-2015 00:00,18-Nov-2015 00:00,2.09541900302199,7.0,4998.0
18-Nov-2015 00:00,19-Nov-2015 00:00,3.00408757951959,9.0,6393.0
19-Nov-2015 00:00,20-Nov-2015 00:00,0.00438066690526597,0.0,15.0
20-Nov-2015 00:00,21-Nov-2015 00:00,0.0691461862721156,0.0,117.0
21-Nov-2015 00:00,22-Nov-2015 00:00,2.48860488198567,2.0,5281.0
22-Nov-2015 00:00,23-Nov-2015 00:00,3.13081603435981,8.0,6598.0
23-Nov-2015 00:00,24-Nov-2015 00:00,1.90638545892003,4.0,4572.0
24-Nov-2015 00:00,25-Nov-2015 00:00,2.06726467430179,7.0,4859.0
25-Nov-2015 00:00,26-Nov-2015 00:00,0.0246435814841529,0.0,29.0
26-Nov-2015 00:00,27-Nov-2015 00:00,1.86336793128102,7.0,4267.0
27-Nov-2015 00:00,28-Nov-2015 00:00,2.85434934979657,9.0,6375.0
28-Nov-2015 00:00,29-Nov-2015 00:00,3.27192943211664,12.0,6517.0
29-Nov-2015 00:00,30-Nov-2015 00:00,2.08381800286311,5.0,4397.0
30-Nov-2015 00:00,01-Dec-2015 00:00,3.80918560605951,6.0,8552.0
01-Dec-2015 00:00,02-Dec-2015 00:00,1.95866141732278,4.0,4427.0
02-Dec-2015 00:00,03-Dec-2015 00:00,3.45451314324349,6.0,7514.0
03-Dec-2015 00:00,04-Dec-2015 00:00,3.32743652071838,6.0,7441.0
04-Dec-2015 00:00,05-Dec-2015 00:00,1.10612771414916,3.0,2646.0
05-Dec-2015 00:00,06-Dec-2015 00:00,2.47037302155459,8.0,5212.0
06-Dec-2015 00:00,07-Dec-2015 00:00,3.78400143163912,5.0,8211.0
07-Dec-2015 00:00,08-Dec-2015 00:00,1.85204033444608,5.0,4189.0
08-Dec-2015 00:00,09-Dec-2015 00:00,1.77084576075694,4.0,3969.0
09-Dec-2015 00:00,10-Dec-2015 00:00,1.14940621768879,4.0,2640.0
10-Dec-2015 00:00,11-Dec-2015 00:00,1.20214820448579,6.0,2710.0
11-Dec-2015 00:00,12-Dec-2015 00:00,1.73770344334219,3.0,3863.0
12-Dec-2015 00:00,13-Dec-2015 00:00,2.33902136522702,5.0,4914.0
13-Dec-2015 00:00,14-Dec-2015 00:00,3.13386075320164,9.0,6705.0
14-Dec-2015 00:00,15-Dec-2015 00:00,1.79647732243648,5.0,3983.0
15-Dec-2015 00:00,16-Dec-2015 00:00,2.07926956573614,6.0,4928.0
16-Dec-2015 00:00,17-Dec-2015 00:00,3.16681828123779,7.0,7348.0
17-Dec-2015 00:00,18-Dec-2015 00:00,3.38685250567575,5.0,7470.0
18-Dec-2015 00:00,19-Dec-2015 00:00,2.13733670365033,9.0,4847.0
19-Dec-2015 00:00,20-Dec-2015 00:00,2.65096834486635,4.0,5688.0
20-Dec-2015 00:00,21-Dec-2015 00:00,5.21845547005523,18.0,10698.0
21-Dec-2015 00:00,22-Dec-2015 00:00,2.4452447705399,7.0,5345.0
22-Dec-2015 00:00,23-Dec-2015 00:00,3.07991330629076,11.0,6726.0
23-Dec-2015 00:00,24-Dec-2015 00:00,1.91502873220361,1.0,4306.0
24-Dec-2015 00:00,25-Dec-2015 00:00,2.45984077984638,3.0,5378.0
25-Dec-2015 00:00,26-Dec-2015 00:00,2.33296920981496,4.0,4708.0
26-Dec-2015 00:00,27-Dec-2015 00:00,2.20619705917429,2.0,4778.0
27-Dec-2015 00:00,28-Dec-2015 00:00,0.785841933110635,1.0,1713.0
28-Dec-2015 00:00,29-Dec-2015 00:00,5.00543078422049,6.0,8850.0
29-Dec-2015 00:00,30-Dec-2015 00:00,5.3304017040492,6.0,11485.0
30-Dec-2015 00:00,31-Dec-2015 00:00,1.22688940889714,1.0,2657.0
31-Dec-2015 00:00,01-Jan-2016 00:00,3.46553734204382,1.0,7354.0
01-Jan-2016 00:00,02-Jan-2016 00:00,3.43372827686322,5.0,7085.0
02-Jan-2016 00:00,03-Jan-2016 00:00,4.68569977506515,0.0,10394.0
03-Jan-2016 00:00,04-Jan-2016 00:00,4.01485716254152,11.0,8349.0
04-Jan-2016 00:00,05-Jan-2016 00:00,3.22071288355721,7.0,7221.0
05-Jan-2016 00:00,06-Jan-2016 00:00,2.6262191302796,5.0,6035.0
06-Jan-2016 00:00,07-Jan-2016 00:00,2.56871744014957,6.0,5876.0
07-Jan-2016 00:00,08-Jan-2016 00:00,3.46383371112774,7.0,7623.0
08-Jan-2016 00:00,09-Jan-2016 00:00,3.19290344388682,9.0,7240.0
09-Jan-2016 00:00,10-Jan-2016 00:00,2.74759156525886,3.0,5577.0
10-Jan-2016 00:00,11-Jan-2016 00:00,3.80737741588946,13.0,8329.0
11-Jan-2016 00:00,12-Jan-2016 00:00,2.46585565298636,7.0,5294.0
12-Jan-2016 00:00,13-Jan-2016 00:00,2.32215113735791,6.0,5157.0
13-Jan-2016 00:00,14-Jan-2016 00:00,1.69940671478525,6.0,3928.0
14-Jan-2016 00:00,15-Jan-2016 00:00,2.04469647260037,4.0,4539.0
15-Jan-2016 00:00,16-Jan-2016 00:00,2.10578347450904,9.0,5252.0
16-Jan-2016 00:00,17-Jan-2016 00:00,3.94750401594231,8.0,9732.0
17-Jan-2016 00:00,18-Jan-2016 00:00,3.41192436172669,5.0,7154.0
18-Jan-2016 00:00,19-Jan-2016 00:00,2.62112388650328,7.0,6203.0
19-Jan-2016 00:00,20-Jan-2016 00:00,3.07397921140559,8.0,6806.0
20-Jan-2016 00:00,21-Jan-2016 00:00,1.95452929889511,5.0,4493.0
21-Jan-2016 00:00,22-Jan-2016 00:00,1.10912272329658,6.0,2516.0
22-Jan-2016 00:00,23-Jan-2016 00:00,1.73352620695297,5.0,4298.0
23-Jan-2016 00:00,24-Jan-2016 00:00,0.513631641215005,1.0,1075.0
24-Jan-2016 00:00,25-Jan-2016 00:00,0.805067157798388,3.0,1734.0
25-Jan-2016 00:00,26-Jan-2016 00:00,1.6551712996102,7.0,3970.0
26-Jan-2016 00:00,27-Jan-2016 00:00,1.60561073331799,6.0,3987.0
27-Jan-2016 00:00,28-Jan-2016 00:00,2.10675281356882,8.0,5004.0
28-Jan-2016 00:00,29-Jan-2016 00:00,2.04321760916343,5.0,4993.0
29-Jan-2016 00:00,30-Jan-2016 00:00,0.172952457647175,0.0,291.0
30-Jan-2016 00:00,31-Jan-2016 00:00,2.23948391394307,6.0,5017.0
31-Jan-2016 00:00,01-Feb-2016 00:00,0.455595571860674,0.0,1004.0
01-Feb-2016 00:00,02-Feb-2016 00:00,2.88141006521857,9.0,6875.0
02-Feb-2016 00:00,03-Feb-2016 00:00,3.00675927582903,8.0,6748.0
03-Feb-2016 00:00,04-Feb-2016 00:00,1.92518193748525,6.0,4574.0
04-Feb-2016 00:00,05-Feb-2016 00:00,2.07208651475453,7.0,4706.0
05-Feb-2016 00:00,06-Feb-2016 00:00,1.90670857194033,5.0,4360.0
06-Feb-2016 00:00,07-Feb-2016 00:00,3.43970586773167,11.0,7089.0
07-Feb-2016 00:00,08-Feb-2016 00:00,4.32041254076204,15.0,9050.0
08-Feb-2016 00:00,09-Feb-2016 00:00,1.27213324186767,1.0,2681.0
09-Feb-2016 00:00,10-Feb-2016 00:00,3.99102988546847,6.0,8665.0
10-Feb-2016 00:00,11-Feb-2016 00:00,2.3277496917986,5.0,4848.0
11-Feb-2016 00:00,12-Feb-2016 00:00,2.21909051141373,5.0,4931.0
12-Feb-2016 00:00,13-Feb-2016 00:00,2.54293674938437,4.0,5779.0
13-Feb-2016 00:00,14-Feb-2016 00:00,3.560314016145,4.0,7323.0
14-Feb-2016 00:00,15-Feb-2016 00:00,2.40690616797859,3.0,4819.0
15-Feb-2016 00:00,16-Feb-2016 00:00,2.6836959655617,6.0,5764.0
16-Feb-2016 00:00,17-Feb-2016 00:00,2.27298203491588,6.0,5527.0
17-Feb-2016 00:00,18-Feb-2016 00:00,2.04838120376951,7.0,4743.0
18-Feb-2016 00:00,19-Feb-2016 00:00,2.04760448977964,9.0,4939.0
19-Feb-2016 00:00,20-Feb-2016 00:00,3.9354358048985,5.0,8822.0
20-Feb-2016 00:00,21-Feb-2016 00:00,6.17447996089153,22.0,13861.0
21-Feb-2016 00:00,22-Feb-2016 00:00,1.92164012168808,1.0,4190.0
22-Feb-2016 00:00,23-Feb-2016 00:00,2.05693748508691,5.0,4836.0
23-Feb-2016 00:00,24-Feb-2016 00:00,1.85254985882418,7.0,4453.0
24-Feb-2016 00:00,25-Feb-2016 00:00,1.68022498608154,4.0,3501.0
25-Feb-2016 00:00,26-Feb-2016 00:00,2.37198510697532,4.0,5335.0
26-Feb-2016 00:00,27-Feb-2016 00:00,2.75095939711958,5.0,5948.0
27-Feb-2016 00:00,28-Feb-2016 00:00,2.45572108884094,8.0,4986.0
28-Feb-2016 00:00,29-Feb-2016 00:00,3.51463701980276,8.0,7432.0
29-Feb-2016 00:00,01-Mar-2016 00:00,2.09960704485976,7.0,5034.0
01-Mar-2016 00:00,02-Mar-2016 00:00,2.65676573808957,12.0,6270.0
02-Mar-2016 00:00,03-Mar-2016 00:00,1.81321706235539,5.0,4155.0
03-Mar-2016 00:00,04-Mar-2016 00:00,1.78683985524588,6.0,4391.0
04-Mar-2016 00:00,05-Mar-2016 00:00,2.42550380776164,13.0,4986.0
05-Mar-2016 00:00,06-Mar-2016 00:00,4.28958010220315,14.0,9401.0
06-Mar-2016 00:00,07-Mar-2016 00:00,2.03564930804057,3.0,3949.0
07-Mar-2016 00:00,08-Mar-2016 00:00,1.71514604708539,7.0,3965.0
08-Mar-2016 00:00,09-Mar-2016 00:00,2.16314846297629,5.0,5052.0
09-Mar-2016 00:00,10-Mar-2016 00:00,2.09645669291435,6.0,4814.0
10-Mar-2016 00:00,11-Mar-2016 00:00,2.14069210808738,5.0,5084.0
11-Mar-2016 00:00,12-Mar-2016 00:00,1.91963309273854,6.0,4386.0
12-Mar-2016 00:00,13-Mar-2016 00:00,1.33276042909452,4.0,2596.0
13-Mar-2016 00:00,14-Mar-2016 00:00,1.14400028831657,2.0,2238.0
14-Mar-2016 00:00,15-Mar-2016 00:00,3.39250651196971,6.0,7366.0
15-Mar-2016 00:00,16-Mar-2016 00:00,2.30365913067757,5.0,5170.0
16-Mar-2016 00:00,17-Mar-2016 00:00,2.88347923128805,11.0,5980.0
17-Mar-2016 00:00,18-Mar-2016 00:00,2.02688797423054,6.0,4610.0
18-Mar-2016 00:00,19-Mar-2016 00:00,3.66704073212441,5.0,7513.0
19-Mar-2016 00:00,20-Mar-2016 00:00,3.60604072218172,13.0,7477.0
20-Mar-2016 00:00,21-Mar-2016 00:00,1.03695045931755,2.0,2131.0
21-Mar-2016 00:00,22-Mar-2016 00:00,2.07460306808291,5.0,4787.0
22-Mar-2016 00:00,23-Mar-2016 00:00,1.89450484172464,4.0,4392.0
23-Mar-2016 00:00,24-Mar-2016 00:00,2.6810427105696,7.0,5714.0
24-Mar-2016 00:00,25-Mar-2016 00:00,0.0189518213632387,0.0,37.0
25-Mar-2016 00:00,26-Mar-2016 00:00,2.42474573490835,4.0,5456.0
26-Mar-2016 00:00,27-Mar-2016 00:00,1.7940697946123,14.0,4569.0
27-Mar-2016 00:00,28-Mar-2016 00:00,2.84084319629336,1.0,6513.0
28-Mar-2016 00:00,29-Mar-2016 00:00,3.01985156684908,15.0,6878.0
29-Mar-2016 00:00,30-Mar-2016 00:00,3.40311331822117,7.0,8138.0
30-Mar-2016 00:00,31-Mar-2016 00:00,1.63607034916141,6.0,4105.0
31-Mar-2016 00:00,01-Apr-2016 00:00,1.76701190050085,7.0,4326.0
01-Apr-2016 00:00,02-Apr-2016 00:00,3.094372613935,7.0,7111.0
02-Apr-2016 00:00,03-Apr-2016 00:00,2.74416780998962,5.0,6317.0
03-Apr-2016 00:00,04-Apr-2016 00:00,3.20716391274842,3.0,7268.0
04-Apr-2016 00:00,05-Apr-2016 00:00,1.41386179710477,11.0,3271.0
05-Apr-2016 00:00,06-Apr-2016 00:00,2.7058913445476,5.0,6530.0
06-Apr-2016 00:00,07-Apr-2016 00:00,1.75107372942074,5.0,4267.0
07-Apr-2016 00:00,08-Apr-2016 00:00,2.07150863954543,6.0,4981.0
08-Apr-2016 00:00,09-Apr-2016 00:00,3.29482696055039,7.0,7702.0
09-Apr-2016 00:00,10-Apr-2016 00:00,1.02110951517004,2.0,2301.0
10-Apr-2016 00:00,11-Apr-2016 00:00,0.529358546090639,1.0,1394.0
11-Apr-2016 00:00,12-Apr-2016 00:00,1.53939741907264,6.0,3912.0
12-Apr-2016 00:00,13-Apr-2016 00:00,1.94793655054519,6.0,4867.0
13-Apr-2016 00:00,14-Apr-2016 00:00,1.46194971367246,4.0,3851.0
14-Apr-2016 00:00,15-Apr-2016 00:00,1.49530491927179,3.0,3449.0
15-Apr-2016 00:00,16-Apr-2016 00:00,1.89365977690299,5.0,4648.0
16-Apr-2016 00:00,17-Apr-2016 00:00,1.00947342519683,1.0,2355.0
17-Apr-2016 00:00,18-Apr-2016 00:00,0.773911606219961,2.0,1876.0
18-Apr-2016 00:00,19-Apr-2016 00:00,3.78317500795271,11.0,9037.0
19-Apr-2016 00:00,20-Apr-2016 00:00,2.33854290940899,5.0,5577.0
20-Apr-2016 00:00,21-Apr-2016 00:00,2.3181681480163,5.0,5510.0
21-Apr-2016 00:00,22-Apr-2016 00:00,3.0174742622693,8.0,6653.0
22-Apr-2016 00:00,23-Apr-2016 00:00,3.25018765409943,12.0,7310.0
23-Apr-2016 00:00,24-Apr-2016 00:00,1.8779142308915,2.0,4235.0
24-Apr-2016 00:00,25-Apr-2016 00:00,0.620252724091278,2.0,1588.0
25-Apr-2016 00:00,26-Apr-2016 00:00,1.71502177284639,5.0,4388.0
26-Apr-2016 00:00,27-Apr-2016 00:00,1.69945021076875,4.0,4037.0
27-Apr-2016 00:00,28-Apr-2016 00:00,1.82847793883778,6.0,4335.0
28-Apr-2016 00:00,29-Apr-2016 00:00,1.69780357711046,5.0,4020.0
29-Apr-2016 00:00,30-Apr-2016 00:00,1.86203819693046,4.0,4227.0
30-Apr-2016 00:00,01-May-2016 00:00,1.47846293569908,3.0,3438.0
01-May-2016 00:00,02-May-2016 00:00,4.17394335651087,19.0,10215.0
02-May-2016 00:00,03-May-2016 00:00,1.79596779805844,4.0,4242.0
03-May-2016 00:00,04-May-2016 00:00,2.15653085977917,4.0,5131.0
04-May-2016 00:00,05-May-2016 00:00,1.7629357054785,7.0,4129.0
05-May-2016 00:00,06-May-2016 00:00,1.99478172472761,6.0,4532.0
06-May-2016 00:00,07-May-2016 00:00,2.45723102083782,6.0,5440.0
07-May-2016 00:00,08-May-2016 00:00,0.967642716534794,1.0,2417.0
08-May-2016 00:00,09-May-2016 00:00,2.08003385230204,3.0,5168.0
09-May-2016 00:00,10-May-2016 00:00,2.74595735902421,6.0,6229.0
10-May-2016 00:00,11-May-2016 00:00,2.33521235981839,3.0,5446.0
11-May-2016 00:00,12-May-2016 00:00,2.84926031973236,6.0,6614.0
12-May-2016 00:00,13-May-2016 00:00,1.73188578700452,5.0,3971.0
13-May-2016 00:00,14-May-2016 00:00,2.67208253797795,8.0,5739.0
14-May-2016 00:00,15-May-2016 00:00,1.03929924242429,4.0,2522.0
15-May-2016 00:00,16-May-2016 00:00,4.38348525123135,23.0,10075.0
16-May-2016 00:00,17-May-2016 00:00,2.93610937127161,7.0,6838.0
17-May-2016 00:00,18-May-2016 00:00,2.1417919350991,10.0,4811.0
18-May-2016 00:00,19-May-2016 00:00,2.18904100055656,7.0,5272.0
19-May-2016 00:00,20-May-2016 00:00,1.81034632744834,5.0,4293.0
20-May-2016 00:00,21-May-2016 00:00,2.66413520042841,5.0,5948.0
21-May-2016 00:00,22-May-2016 00:00,0.32398293963256,2.0,749.0
22-May-2016 00:00,23-May-2016 00:00,1.18783181221644,2.0,2993.0
23-May-2016 00:00,24-May-2016 00:00,3.50879613059636,4.0,7842.0
24-May-2016 00:00,25-May-2016 00:00,2.13775923606076,4.0,4683.0
25-May-2016 00:00,26-May-2016 00:00,1.84401843235463,6.0,4323.0
26-May-2016 00:00,27-May-2016 00:00,1.72695209973768,9.0,4019.0
27-May-2016 00:00,28-May-2016 00:00,3.2986421796703,5.0,7519.0
28-May-2016 00:00,29-May-2016 00:00,1.12220258689299,2.0,2553.0
29-May-2016 00:00,30-May-2016 00:00,3.20019405295631,14.0,7450.0
30-May-2016 00:00,31-May-2016 00:00,1.85211489898451,5.0,4529.0
31-May-2016 00:00,01-Jun-2016 00:00,1.7771588920676,5.0,4340.0
01-Jun-2016 00:00,02-Jun-2016 00:00,1.32610554362431,7.0,3118.0
02-Jun-2016 00:00,03-Jun-2016 00:00,3.41267000715424,7.0,7755.0
03-Jun-2016 00:00,04-Jun-2016 00:00,1.36832771613406,13.0,3076.0
04-Jun-2016 00:00,05-Jun-2016 00:00,1.31718265330328,7.0,3104.0
05-Jun-2016 00:00,06-Jun-2016 00:00,3.71920484370996,17.0,8576.0
06-Jun-2016 00:00,07-Jun-2016 00:00,1.67003449852463,5.0,3805.0
07-Jun-2016 00:00,08-Jun-2016 00:00,1.2639622106885,6.0,2893.0
08-Jun-2016 00:00,09-Jun-2016 00:00,1.76668878748094,5.0,4162.0
09-Jun-2016 00:00,10-Jun-2016 00:00,2.05145077746006,4.0,4804.0
10-Jun-2016 00:00,11-Jun-2016 00:00,3.70775918634465,6.0,8220.0
11-Jun-2016 00:00,12-Jun-2016 00:00,0.488425216035966,1.0,1124.0
12-Jun-2016 00:00,13-Jun-2016 00:00,3.23913967430245,5.0,7412.0
13-Jun-2016 00:00,14-Jun-2016 00:00,2.2036556509854,4.0,5087.0
14-Jun-2016 00:00,15-Jun-2016 00:00,2.82845681220853,8.0,6350.0
15-Jun-2016 00:00,16-Jun-2016 00:00,2.65870441620631,7.0,6203.0
16-Jun-2016 00:00,17-Jun-2016 00:00,0.925501322277434,4.0,2098.0
17-Jun-2016 00:00,18-Jun-2016 00:00,3.04225821203779,10.0,6964.0
18-Jun-2016 00:00,19-Jun-2016 00:00,5.63569681365508,12.0,12468.0
19-Jun-2016 00:00,20-Jun-2016 00:00,1.47582493239343,2.0,3351.0
20-Jun-2016 00:00,21-Jun-2016 00:00,3.692852491441,3.0,8697.0
21-Jun-2016 00:00,22-Jun-2016 00:00,1.12297308716991,3.0,2866.0
22-Jun-2016 00:00,23-Jun-2016 00:00,3.26185700508301,7.0,7429.0
23-Jun-2016 00:00,24-Jun-2016 00:00,3.16362443330737,9.0,7051.0
24-Jun-2016 00:00,25-Jun-2016 00:00,3.01038808359038,8.0,6855.0
25-Jun-2016 00:00,26-Jun-2016 00:00,0.539406118268491,1.0,1228.0
26-Jun-2016 00:00,27-Jun-2016 00:00,0.319092748349221,1.0,751.0
27-Jun-2016 00:00,28-Jun-2016 00:00,2.78364352182879,5.0,6686.0
28-Jun-2016 00:00,29-Jun-2016 00:00,1.78923213433142,4.0,4368.0
29-Jun-2016 00:00,30-Jun-2016 00:00,0.961491141730617,1.0,2336.0
30-Jun-2016 00:00,01-Jul-2016 00:00,2.41311335345524,3.0,5510.0
01-Jul-2016 00:00,02-Jul-2016 00:00,2.26472458231948,2.0,5177.0
02-Jul-2016 00:00,03-Jul-2016 00:00,1.41565134613914,4.0,3277.0
03-Jul-2016 00:00,04-Jul-2016 00:00,3.43420051896853,15.0,7777.0
04-Jul-2016 00:00,05-Jul-2016 00:00,3.50721784776762,8.0,7974.0
05-Jul-2016 00:00,06-Jul-2016 00:00,2.32130607253337,6.0,5259.0
06-Jul-2016 00:00,07-Jul-2016 00:00,0.514545056867359,0.0,1225.0
07-Jul-2016 00:00,08-Jul-2016 00:00,2.60375034796589,7.0,5950.0
08-Jul-2016 00:00,09-Jul-2016 00:00,3.01004632943375,6.0,7187.0
09-Jul-2016 00:00,10-Jul-2016 00:00,2.06663708939643,1.0,4720.0
10-Jul-2016 00:00,11-Jul-2016 00:00,2.93617772209847,5.0,6767.0
11-Jul-2016 00:00,12-Jul-2016 00:00,1.6763600572649,0.0,4057.0
12-Jul-2016 00:00,13-Jul-2016 00:00,3.42957130358654,6.0,8049.0
13-Jul-2016 00:00,14-Jul-2016 00:00,1.90365763938404,3.0,4496.0
14-Jul-2016 00:00,15-Jul-2016 00:00,2.34392398393031,3.0,5387.0
15-Jul-2016 00:00,16-Jul-2016 00:00,2.61251789548683,3.0,5974.0
16-Jul-2016 00:00,17-Jul-2016 00:00,3.21181110869592,2.0,7440.0
17-Jul-2016 00:00,18-Jul-2016 00:00,3.23163351029858,1.0,7428.0
18-Jul-2016 00:00,19-Jul-2016 00:00,2.63738517060336,7.0,6355.0
19-Jul-2016 00:00,20-Jul-2016 00:00,2.03796080887604,5.0,5030.0
20-Jul-2016 00:00,21-Jul-2016 00:00,1.60781660104931,5.0,3886.0
21-Jul-2016 00:00,22-Jul-2016 00:00,2.15077074882415,1.0,4976.0
22-Jul-2016 00:00,23-Jul-2016 00:00,2.09479763182895,4.0,5214.0
23-Jul-2016 00:00,24-Jul-2016 00:00,3.43178959874344,13.0,8097.0
24-Jul-2016 00:00,25-Jul-2016 00:00,1.47170524138969,0.0,3368.0
25-Jul-2016 00:00,26-Jul-2016 00:00,2.36258376083684,6.0,5586.0
26-Jul-2016 00:00,27-Jul-2016 00:00,2.22690736101161,4.0,5316.0
27-Jul-2016 00:00,28-Jul-2016 00:00,2.18490888212737,7.0,5032.0
28-Jul-2016 00:00,29-Jul-2016 00:00,1.54726397836508,2.0,3756.0
29-Jul-2016 00:00,30-Jul-2016 00:00,3.16420852222977,7.0,7370.0
30-Jul-2016 00:00,31-Jul-2016 00:00,0.722803825657861,3.0,1647.0
31-Jul-2016 00:00,01-Aug-2016 00:00,3.2780437246482,6.0,7417.0
01-Aug-2016 00:00,02-Aug-2016 00:00,2.30978585063085,5.0,5384.0
02-Aug-2016 00:00,03-Aug-2016 00:00,0.0812442833845974,1.0,186.0
03-Aug-2016 00:00,04-Aug-2016 00:00,2.48449678875232,3.0,5585.0
04-Aug-2016 00:00,05-Aug-2016 00:00,2.20624055515634,6.0,5412.0
05-Aug-2016 00:00,06-Aug-2016 00:00,3.17224906545656,7.0,7511.0
06-Aug-2016 00:00,07-Aug-2016 00:00,0.0356356378747243,0.0,81.0
07-Aug-2016 00:00,08-Aug-2016 00:00,2.79269068639084,2.0,6395.0
08-Aug-2016 00:00,09-Aug-2016 00:00,3.33156863914298,8.0,7613.0
09-Aug-2016 00:00,10-Aug-2016 00:00,1.33693604350641,6.0,3471.0
10-Aug-2016 00:00,11-Aug-2016 00:00,0.874853356398742,1.0,2104.0
11-Aug-2016 00:00,12-Aug-2016 00:00,3.13317103117595,6.0,7990.0
12-Aug-2016 00:00,13-Aug-2016 00:00,2.23725940507423,4.0,5302.0
13-Aug-2016 00:00,14-Aug-2016 00:00,0.825187157003108,2.0,1867.0
14-Aug-2016 00:00,15-Aug-2016 00:00,1.59902419867834,0.0,3723.0
15-Aug-2016 00:00,16-Aug-2016 00:00,2.36472127773506,5.0,5701.0
16-Aug-2016 00:00,17-Aug-2016 00:00,1.92835093056716,5.0,4460.0
17-Aug-2016 00:00,18-Aug-2016 00:00,4.53786524931262,9.0,10839.0
18-Aug-2016 00:00,19-Aug-2016 00:00,2.98610885016728,5.0,7357.0
19-Aug-2016 00:00,20-Aug-2016 00:00,3.02855076353888,5.0,6853.0
20-Aug-2016 00:00,21-Aug-2016 00:00,1.8809665815125,2.0,4275.0
21-Aug-2016 00:00,22-Aug-2016 00:00,2.12538773562279,10.0,4976.0
22-Aug-2016 00:00,23-Aug-2016 00:00,0.464580599299462,1.0,1065.0
23-Aug-2016 00:00,24-Aug-2016 00:00,3.84331752565019,7.0,8674.0
24-Aug-2016 00:00,25-Aug-2016 00:00,3.02205091583459,10.0,7044.0
25-Aug-2016 00:00,26-Aug-2016 00:00,1.02790950846909,24.0,2277.0
26-Aug-2016 00:00,27-Aug-2016 00:00,0.904125005882528,0.0,2243.0
27-Aug-2016 00:00,28-Aug-2016 00:00,1.95764930807234,0.0,4485.0
28-Aug-2016 00:00,29-Aug-2016 00:00,0.716409916088414,0.0,1806.0
29-Aug-2016 00:00,30-Aug-2016 00:00,1.31591478371284,1.0,3123.0
30-Aug-2016 00:00,31-Aug-2016 00:00,2.99679248190603,0.0,7478.0
31-Aug-2016 00:00,01-Sep-2016 00:00,0.983736230410717,1.0,2338.0
01-Sep-2016 00:00,02-Sep-2016 00:00,4.62609738689408,3.0,10926.0
02-Sep-2016 00:00,03-Sep-2016 00:00,1.54312564622353,0.0,3959.0
03-Sep-2016 00:00,04-Sep-2016 00:00,1.35217827884926,1.0,3319.0
04-Sep-2016 00:00,05-Sep-2016 00:00,4.17939234867968,4.0,9444.0
05-Sep-2016 00:00,06-Sep-2016 00:00,1.70404244711836,0.0,4262.0
06-Sep-2016 00:00,07-Sep-2016 00:00,3.61879869615924,3.0,8374.0
07-Sep-2016 00:00,08-Sep-2016 00:00,1.09823630000734,1.0,2581.0
08-Sep-2016 00:00,09-Sep-2016 00:00,2.26457488268163,2.0,5390.0
09-Sep-2016 00:00,10-Sep-2016 00:00,3.31558075837121,7.0,7583.0
10-Sep-2016 00:00,11-Sep-2016 00:00,0.341424828998052,1.0,783.0
11-Sep-2016 00:00,12-Sep-2016 00:00,3.6982642150049,1.0,8756.0
12-Sep-2016 00:00,13-Sep-2016 00:00,3.78572884354962,9.0,8746.0
13-Sep-2016 00:00,14-Sep-2016 00:00,1.7768730613189,4.0,4199.0
14-Sep-2016 00:00,15-Sep-2016 00:00,2.1547910204395,5.0,5001.0
15-Sep-2016 00:00,16-Sep-2016 00:00,3.77934736140605,5.0,8731.0
16-Sep-2016 00:00,17-Sep-2016 00:00,1.67135801916606,3.0,3845.0
17-Sep-2016 00:00,18-Sep-2016 00:00,0.948927016225621,1.0,2178.0
18-Sep-2016 00:00,19-Sep-2016 00:00,0.514482919748222,3.0,1243.0
19-Sep-2016 00:00,20-Sep-2016 00:00,2.67486164957871,5.0,6160.0
20-Sep-2016 00:00,21-Sep-2016 00:00,2.07716311739289,7.0,5179.0
21-Sep-2016 00:00,22-Sep-2016 00:00,3.63791706434316,8.0,8619.0
22-Sep-2016 00:00,23-Sep-2016 00:00,2.1810128847529,5.0,5135.0
23-Sep-2016 00:00,24-Sep-2016 00:00,2.6523167203498,4.0,6461.0
24-Sep-2016 00:00,25-Sep-2016 00:00,1.84316094010876,2.0,4447.0
25-Sep-2016 00:00,26-Sep-2016 00:00,1.49025317147847,5.0,3658.0
26-Sep-2016 00:00,27-Sep-2016 00:00,1.86445809101976,4.0,4231.0
27-Sep-2016 00:00,28-Sep-2016 00:00,3.23941929133039,6.0,7465.0
28-Sep-2016 00:00,29-Sep-2016 00:00,2.5839907440543,5.0,5728.0
29-Sep-2016 00:00,30-Sep-2016 00:00,2.95178035273923,5.0,6985.0
30-Sep-2016 00:00,01-Oct-2016 00:00,2.71102387059686,6.0,6581.0
01-Oct-2016 00:00,02-Oct-2016 00:00,2.63010891394026,1.0,6080.0
02-Oct-2016 00:00,03-Oct-2016 00:00,1.68295280561388,2.0,4345.0
03-Oct-2016 00:00,04-Oct-2016 00:00,1.3033509305661,4.0,2933.0
04-Oct-2016 00:00,05-Oct-2016 00:00,2.82055297064965,4.0,6933.0
05-Oct-2016 00:00,06-Oct-2016 00:00,0.963647299768676,2.0,2232.0
06-Oct-2016 00:00,07-Oct-2016 00:00,3.24061148107894,8.0,7447.0
07-Oct-2016 00:00,08-Oct-2016 00:00,2.95208482462314,7.0,7175.0
08-Oct-2016 00:00,09-Oct-2016 00:00,1.52480140976533,3.0,3914.0
09-Oct-2016 00:00,10-Oct-2016 00:00,1.87216654736135,2.0,5317.0
10-Oct-2016 00:00,11-Oct-2016 00:00,2.07162670006939,2.0,5289.0
11-Oct-2016 00:00,12-Oct-2016 00:00,2.30934467708497,8.0,5732.0
12-Oct-2016 00:00,13-Oct-2016 00:00,0.976223852699698,3.0,2440.0
13-Oct-2016 00:00,14-Oct-2016 00:00,2.42484515429595,8.0,6098.0
14-Oct-2016 00:00,15-Oct-2016 00:00,1.6369930292516,2.0,4095.74006303536
15-Oct-2016 00:00,16-Oct-2016 00:00,2.11669943384639,6.0,5783.25993696464
16-Oct-2016 00:00,17-Oct-2016 00:00,1.94216401216741,6.0,5267.0
17-Oct-2016 00:00,18-Oct-2016 00:00,2.68157708979521,9.0,6482.0
18-Oct-2016 00:00,19-Oct-2016 00:00,2.3195351646376,11.0,6384.0
19-Oct-2016 00:00,20-Oct-2016 00:00,1.35747236140627,8.0,3348.0
20-Oct-2016 00:00,21-Oct-2016 00:00,3.10300967350603,2.0,7485.0
21-Oct-2016 00:00,22-Oct-2016 00:00,0.0,1.0,16.0
22-Oct-2016 00:00,23-Oct-2016 00:00,1.47768283225894,1.0,3786.0
23-Oct-2016 00:00,24-Oct-2016 00:00,2.29300261472591,3.0,5918.0
24-Oct-2016 00:00,25-Oct-2016 00:00,1.54279010578086,5.0,3729.0
25-Oct-2016 00:00,26-Oct-2016 00:00,3.96105493915299,9.0,9249.0
26-Oct-2016 00:00,27-Oct-2016 00:00,1.36183438717897,3.0,3666.0
27-Oct-2016 00:00,28-Oct-2016 00:00,2.41107556867863,7.0,5947.0
28-Oct-2016 00:00,29-Oct-2016 00:00,2.40720442614955,9.0,6005.0
29-Oct-2016 00:00,30-Oct-2016 00:00,0.202206613377538,1.0,521.0
30-Oct-2016 00:00,31-Oct-2016 00:00,1.73186714586823,2.0,4428.0
31-Oct-2016 00:00,01-Nov-2016 00:00,3.58474011771246,8.0,8829.0
01-Nov-2016 00:00,02-Nov-2016 00:00,3.09677110673378,5.0,7104.0
02-Nov-2016 00:00,03-Nov-2016 00:00,2.36905844865918,5.0,5646.0
03-Nov-2016 00:00,04-Nov-2016 00:00,2.29095208979367,7.0,5660.0
04-Nov-2016 00:00,05-Nov-2016 00:00,2.49837822118566,7.0,5611.0
05-Nov-2016 00:00,06-Nov-2016 00:00,1.80055351745788,5.0,5008.0
06-Nov-2016 00:00,07-Nov-2016 00:00,0.858598286006972,0.0,2184.0
07-Nov-2016 00:00,08-Nov-2016 00:00,2.63694399705574,8.0,6536.0
08-Nov-2016 00:00,09-Nov-2016 00:00,2.55280412391826,7.0,5796.0
09-Nov-2016 00:00,10-Nov-2016 00:00,1.48225612423546,5.0,3598.0
10-Nov-2016 00:00,11-Nov-2016 00:00,2.37292337747285,8.0,5669.0
11-Nov-2016 00:00,12-Nov-2016 00:00,0.701279527559981,1.0,1610.0
12-Nov-2016 00:00,13-Nov-2016 00:00,1.04049848882455,3.0,2443.0
13-Nov-2016 00:00,14-Nov-2016 00:00,0.697830917441588,2.0,1879.0
14-Nov-2016 00:00,15-Nov-2016 00:00,0.18222952954702,1.0,510.0
15-Nov-2016 00:00,16-Nov-2016 00:00,0.0660144754629992,0.0,174.0
16-Nov-2016 00:00,17-Nov-2016 00:00,1.53368080410242,8.0,3845.0
17-Nov-2016 00:00,18-Nov-2016 00:00,1.82528409091098,7.0,4920.0
18-Nov-2016 00:00,19-Nov-2016 00:00,2.64322605980802,9.0,6310.0
19-Nov-2016 00:00,20-Nov-2016 00:00,1.82381765489608,3.0,4658.0
20-Nov-2016 00:00,21-Nov-2016 00:00,0.741053497573652,2.0,2081.0
21-Nov-2016 00:00,22-Nov-2016 00:00,1.309825618387,5.0,3201.0
22-Nov-2016 00:00,23-Nov-2016 00:00,2.38062838025538,9.0,6414.0
23-Nov-2016 00:00,24-Nov-2016 00:00,1.44330857790375,6.0,3545.0
24-Nov-2016 00:00,25-Nov-2016 00:00,2.86220348166679,8.0,6749.0
25-Nov-2016 00:00,26-Nov-2016 00:00,1.44505463095209,6.0,3385.0
26-Nov-2016 00:00,27-Nov-2016 00:00,0.517894247594323,2.0,1401.0
27-Nov-2016 00:00,28-Nov-2016 00:00,2.25891419111855,3.0,5839.0
28-Nov-2016 00:00,29-Nov-2016 00:00,0.418462429412638,2.0,1053.0
29-Nov-2016 00:00,30-Nov-2016 00:00,4.28728102878995,12.0,10981.0
30-Nov-2016 00:00,01-Dec-2016 00:00,2.33764192118122,5.0,5439.0
01-Dec-2016 00:00,02-Dec-2016 00:00,2.02937967271106,4.0,5201.0
02-Dec-2016 00:00,03-Dec-2016 00:00,1.3618903105856,3.0,3416.0
03-Dec-2016 00:00,04-Dec-2016 00:00,0.547769774516417,5.0,1418.0
04-Dec-2016 00:00,05-Dec-2016 00:00,2.06739516225383,2.0,5489.0
05-Dec-2016 00:00,06-Dec-2016 00:00,1.19531933508163,4.0,2976.0
06-Dec-2016 00:00,07-Dec-2016 00:00,2.73401460470704,8.0,6976.0
07-Dec-2016 00:00,08-Dec-2016 00:00,4.11059633017049,5.0,10979.0
08-Dec-2016 00:00,09-Dec-2016 00:00,2.6962849459131,8.0,6510.0
09-Dec-2016 00:00,10-Dec-2016 00:00,3.11003135466426,6.0,7600.0
10-Dec-2016 00:00,11-Dec-2016 00:00,0.197701672234251,2.0,562.0
11-Dec-2016 00:00,12-Dec-2016 00:00,0.901814652428844,2.0,2337.0
12-Dec-2016 00:00,13-Dec-2016 00:00,1.32168759444642,7.0,3255.0
13-Dec-2016 00:00,14-Dec-2016 00:00,2.28503042233236,8.0,5525.0
14-Dec-2016 00:00,15-Dec-2016 00:00,0.369691004533212,2.0,908.0
15-Dec-2016 00:00,16-Dec-2016 00:00,2.370158275668,8.0,5819.0
16-Dec-2016 00:00,17-Dec-2016 00:00,2.62036581364703,8.0,6324.0
17-Dec-2016 00:00,18-Dec-2016 00:00,1.19976809568616,4.0,2753.27745756173
18-Dec-2016 00:00,19-Dec-2016 00:00,1.98499478988517,3.0,5162.72254243827
19-Dec-2016 00:00,20-Dec-2016 00:00,1.59796786765301,8.0,3862.0
20-Dec-2016 00:00,21-Dec-2016 00:00,2.91748066292646,8.0,6836.0
21-Dec-2016 00:00,22-Dec-2016 00:00,0.311381733277207,3.0,803.0
22-Dec-2016 00:00,23-Dec-2016 00:00,3.3844130371875,12.0,8359.0
23-Dec-2016 00:00,24-Dec-2016 00:00,0.849246649566375,0.0,2123.0
24-Dec-2016 00:00,25-Dec-2016 00:00,1.4150610435051,3.0,3888.0
25-Dec-2016 00:00,26-Dec-2016 00:00,0.776316312734567,0.0,2253.0
26-Dec-2016 00:00,27-Dec-2016 00:00,0.711513511094521,2.0,1816.0
27-Dec-2016 00:00,28-Dec-2016 00:00,1.86795986439206,14.0,4983.0
28-Dec-2016 00:00,29-Dec-2016 00:00,0.0432287938438472,0.0,99.0
29-Dec-2016 00:00,30-Dec-2016 00:00,3.4983819494146,9.0,8689.0
30-Dec-2016 00:00,31-Dec-2016 00:00,0.577626660303305,2.0,1408.0
31-Dec-2016 00:00,01-Jan-2017 00:00,1.01299000837584,1.0,2632.0
01-Jan-2017 00:00,02-Jan-2017 00:00,1.7594870953617,2.0,4752.0
02-Jan-2017 00:00,03-Jan-2017 00:00,1.00124025689875,3.0,2519.0
03-Jan-2017 00:00,04-Jan-2017 00:00,0.931106090432294,4.0,2267.0
04-Jan-2017 00:00,05-Jan-2017 00:00,0.25067356637205,3.0,700.0
05-Jan-2017 00:00,06-Jan-2017 00:00,2.40123304899267,9.0,5791.0
06-Jan-2017 00:00,07-Jan-2017 00:00,2.44730772289816,4.0,6333.0
07-Jan-2017 00:00,08-Jan-2017 00:00,0.636482939632586,0.0,1582.0
08-Jan-2017 00:00,09-Jan-2017 00:00,0.993168645112022,0.0,2495.0
09-Jan-2017 00:00,10-Jan-2017 00:00,1.61688240674439,8.0,3782.0
10-Jan-2017 00:00,11-Jan-2017 00:00,1.16385931161814,1.0,2914.0
11-Jan-2017 00:00,12-Jan-2017 00:00,2.39807377892126,10.0,5560.0
12-Jan-2017 00:00,13-Jan-2017 00:00,2.33360922214056,8.0,5759.0
13-Jan-2017 00:00,14-Jan-2017 00:00,2.32889301479331,10.0,5966.0
14-Jan-2017 00:00,15-Jan-2017 00:00,1.29042019605575,2.0,3568.0
15-Jan-2017 00:00,16-Jan-2017 00:00,2.08683786685882,2.0,5380.0
16-Jan-2017 00:00,17-Jan-2017 00:00,1.63595228863427,7.0,4071.0
17-Jan-2017 00:00,18-Jan-2017 00:00,1.73719229698531,5.0,4106.0
18-Jan-2017 00:00,19-Jan-2017 00:00,3.95740749025579,5.0,9350.0
19-Jan-2017 00:00,20-Jan-2017 00:00,2.49465620774546,7.0,5611.0
20-Jan-2017 00:00,21-Jan-2017 00:00,3.16059214189062,7.0,7367.0
21-Jan-2017 00:00,22-Jan-2017 00:00,1.35625447387081,3.0,3399.0
22-Jan-2017 00:00,23-Jan-2017 00:00,0.0497221228025537,0.0,218.0
23-Jan-2017 00:00,24-Jan-2017 00:00,2.43425892785901,11.0,5822.0
24-Jan-2017 00:00,25-Jan-2017 00:00,2.29429506680827,9.0,5695.0
25-Jan-2017 00:00,26-Jan-2017 00:00,3.05778006442204,7.0,7751.0
26-Jan-2017 00:00,27-Jan-2017 00:00,4.19631615349056,3.0,11023.0
27-Jan-2017 00:00,28-Jan-2017 00:00,1.53355031615005,6.0,3744.0
28-Jan-2017 00:00,29-Jan-2017 00:00,1.03115927980535,4.0,2480.0
29-Jan-2017 00:00,30-Jan-2017 00:00,1.13144237652032,1.0,3050.0
30-Jan-2017 00:00,31-Jan-2017 00:00,0.433033583868838,1.0,1149.0
31-Jan-2017 00:00,01-Feb-2017 00:00,1.3272488666188,0.0,3295.0
01-Feb-2017 00:00,02-Feb-2017 00:00,2.63099126103232,5.0,6351.0
02-Feb-2017 00:00,03-Feb-2017 00:00,2.02174923447051,4.0,4955.0
03-Feb-2017 00:00,04-Feb-2017 00:00,2.4943020261657,5.0,6636.0
04-Feb-2017 00:00,05-Feb-2017 00:00,1.51297050226655,4.0,3858.0
05-Feb-2017 00:00,06-Feb-2017 00:00,1.51974344825812,3.0,3789.0
06-Feb-2017 00:00,07-Feb-2017 00:00,2.03912898671636,8.0,4783.0
07-Feb-2017 00:00,08-Feb-2017 00:00,2.5958216515551,7.0,6766.0
08-Feb-2017 00:00,09-Feb-2017 00:00,2.4575976298415,7.0,6300.0
09-Feb-2017 00:00,10-Feb-2017 00:00,3.09972883360131,7.0,7011.0
10-Feb-2017 00:00,11-Feb-2017 00:00,2.70133047999703,8.0,6792.0
11-Feb-2017 00:00,12-Feb-2017 00:00,0.840982412708143,4.0,2292.0
12-Feb-2017 00:00,13-Feb-2017 00:00,2.02995133420715,5.0,5181.0
13-Feb-2017 00:00,14-Feb-2017 00:00,2.18841962936258,9.0,5244.0
14-Feb-2017 00:00,15-Feb-2017 00:00,2.07565318539681,7.0,4990.0
15-Feb-2017 00:00,16-Feb-2017 00:00,2.07024725602438,8.0,5390.0
16-Feb-2017 00:00,17-Feb-2017 00:00,2.63493696810757,7.0,6351.0
17-Feb-2017 00:00,18-Feb-2017 00:00,1.37656088443612,3.0,3407.0
18-Feb-2017 00:00,19-Feb-2017 00:00,0.483476497255203,1.0,1187.0
19-Feb-2017 00:00,20-Feb-2017 00:00,2.38687316073913,3.0,6241.0
20-Feb-2017 00:00,21-Feb-2017 00:00,1.53274253360532,7.0,3682.0
21-Feb-2017 00:00,22-Feb-2017 00:00,1.47951587727586,11.0,3658.0
22-Feb-2017 00:00,23-Feb-2017 00:00,2.71274506879923,10.0,6308.0
23-Feb-2017 00:00,24-Feb-2017 00:00,2.15325001987958,6.0,4966.0
24-Feb-2017 00:00,25-Feb-2017 00:00,0.443062514912064,6.0,1116.0
25-Feb-2017 00:00,26-Feb-2017 00:00,0.0268121669451278,0.0,61.0
26-Feb-2017 00:00,27-Feb-2017 00:00,1.85668819096277,8.0,4886.0
27-Feb-2017 00:00,28-Feb-2017 00:00,2.34458263739701,6.0,5644.0
28-Feb-2017 00:00,01-Mar-2017 00:00,2.70295981084688,13.0,6480.0
01-Mar-2017 00:00,02-Mar-2017 00:00,0.205021424878969,1.0,483.0
02-Mar-2017 00:00,03-Mar-2017 00:00,2.13795807484405,6.0,5028.0
03-Mar-2017 00:00,04-Mar-2017 00:00,1.37267731448363,6.0,3346.0
04-Mar-2017 00:00,05-Mar-2017 00:00,1.24128837588608,4.0,3310.0
05-Mar-2017 00:00,06-Mar-2017 00:00,2.17122537359351,5.0,5606.0
06-Mar-2017 00:00,07-Mar-2017 00:00,2.04870431678883,6.0,4942.0
07-Mar-2017 00:00,08-Mar-2017 00:00,1.25156585540253,3.0,3187.0
08-Mar-2017 00:00,09-Mar-2017 00:00,0.0556810725363065,0.0,172.0
09-Mar-2017 00:00,10-Mar-2017 00:00,2.21898487831001,11.0,5590.0
10-Mar-2017 00:00,11-Mar-2017 00:00,2.62119845104584,8.0,6445.0
11-Mar-2017 00:00,12-Mar-2017 00:00,1.74578586057342,11.0,4199.0
12-Mar-2017 00:00,13-Mar-2017 00:00,1.45822148651817,3.0,3796.0
13-Mar-2017 00:00,14-Mar-2017 00:00,3.18624234470648,9.0,7833.0
14-Mar-2017 00:00,15-Mar-2017 00:00,2.21808389008057,5.0,5541.0
15-Mar-2017 00:00,16-Mar-2017 00:00,1.26581389684136,7.0,2947.0
16-Mar-2017 00:00,17-Mar-2017 00:00,2.86496236976115,7.0,7516.0
17-Mar-2017 00:00,18-Mar-2017 00:00,2.97947486677397,9.0,6955.0
18-Mar-2017 00:00,19-Mar-2017 00:00,2.49778791855335,12.0,6302.0
19-Mar-2017 00:00,20-Mar-2017 00:00,0.473758251808819,0.0,1242.0
20-Mar-2017 00:00,21-Mar-2017 00:00,3.44898293962768,9.0,8641.0
21-Mar-2017 00:00,22-Mar-2017 00:00,4.13762999085088,12.0,9652.0
22-Mar-2017 00:00,23-Mar-2017 00:00,2.62100212310796,10.0,6460.0
23-Mar-2017 00:00,24-Mar-2017 00:00,2.34535313767553,4.0,5836.0
24-Mar-2017 00:00,25-Mar-2017 00:00,0.586779457965673,2.0,1401.0
25-Mar-2017 00:00,26-Mar-2017 00:00,2.69745933746883,10.0,6936.0
26-Mar-2017 00:00,27-Mar-2017 00:00,2.06321954783695,13.0,5615.0
27-Mar-2017 00:00,28-Mar-2017 00:00,4.2782021942231,22.0,10625.0
28-Mar-2017 00:00,29-Mar-2017 00:00,3.0038885409183,7.0,7143.0
29-Mar-2017 00:00,30-Mar-2017 00:00,3.16840899148916,14.0,7846.0
30-Mar-2017 00:00,31-Mar-2017 00:00,2.60601213910861,2.0,6869.0
31-Mar-2017 00:00,01-Apr-2017 00:00,1.64811873657788,8.0,4138.0
01-Apr-2017 00:00,02-Apr-2017 00:00,2.67674903562934,3.0,6751.0
02-Apr-2017 00:00,03-Apr-2017 00:00,2.19334812795983,7.0,5515.0
03-Apr-2017 00:00,04-Apr-2017 00:00,2.97508798615977,11.0,7126.0
04-Apr-2017 00:00,05-Apr-2017 00:00,4.04797234152279,5.0,10790.0
05-Apr-2017 00:00,06-Apr-2017 00:00,2.14965228067882,3.0,5437.0
06-Apr-2017 00:00,07-Apr-2017 00:00,2.47564846297502,6.0,5966.0
07-Apr-2017 00:00,08-Apr-2017 00:00,1.73040070985275,7.0,4234.0
08-Apr-2017 00:00,09-Apr-2017 00:00,1.64776455499552,4.0,4024.0
09-Apr-2017 00:00,10-Apr-2017 00:00,3.74249383599486,0.0,9397.0
10-Apr-2017 00:00,11-Apr-2017 00:00,0.00800326095594742,0.0,26.0
11-Apr-2017 00:00,12-Apr-2017 00:00,3.64180063428684,9.0,8902.0
12-Apr-2017 00:00,13-Apr-2017 00:00,2.6193032689092,7.0,6382.0
13-Apr-2017 00:00,14-Apr-2017 00:00,3.33292944205437,9.0,8159.0
14-Apr-2017 00:00,15-Apr-2017 00:00,1.81016863337152,2.0,4508.0
15-Apr-2017 00:00,16-Apr-2017 00:00,0.287371748984464,1.0,838.0
16-Apr-2017 00:00,17-Apr-2017 00:00,1.81112925514904,3.0,4663.0
17-Apr-2017 00:00,18-Apr-2017 00:00,0.735616499641141,0.0,2060.0
18-Apr-2017 00:00,19-Apr-2017 00:00,2.03366713393614,5.0,5070.0
19-Apr-2017 00:00,20-Apr-2017 00:00,1.93960396285908,4.0,4632.0
20-Apr-2017 00:00,21-Apr-2017 00:00,1.38343324981,5.0,3370.0
21-Apr-2017 00:00,22-Apr-2017 00:00,2.63773935218197,7.0,6431.0
22-Apr-2017 00:00,23-Apr-2017 00:00,0.599772329593567,1.0,1514.0
23-Apr-2017 00:00,24-Apr-2017 00:00,0.942172711366076,0.0,2511.0
24-Apr-2017 00:00,25-Apr-2017 00:00,2.15094473275886,7.0,5213.0
25-Apr-2017 00:00,26-Apr-2017 00:00,1.14864814483464,3.0,3084.0
26-Apr-2017 00:00,27-Apr-2017 00:00,1.92823287003518,2.0,4728.0
27-Apr-2017 00:00,28-Apr-2017 00:00,2.06837692873472,9.0,4689.0
28-Apr-2017 00:00,29-Apr-2017 00:00,2.67568649089035,8.0,6530.0
29-Apr-2017 00:00,30-Apr-2017 00:00,0.257713701979277,1.0,655.0
30-Apr-2017 00:00,01-May-2017 00:00,2.58467425236553,5.0,6858.0
01-May-2017 00:00,02-May-2017 00:00,0.832736816988589,0.0,2089.0
02-May-2017 00:00,03-May-2017 00:00,2.31080489938664,4.0,5531.0
03-May-2017 00:00,04-May-2017 00:00,2.95474429332824,3.0,8280.0
04-May-2017 00:00,05-May-2017 00:00,3.56152568996462,4.0,8915.0
05-May-2017 00:00,06-May-2017 00:00,1.92828257973031,10.0,4725.0
06-May-2017 00:00,07-May-2017 00:00,0.311058418833489,4.0,896.0
07-May-2017 00:00,08-May-2017 00:00,1.79655810068894,4.0,4973.0
08-May-2017 00:00,09-May-2017 00:00,2.61561853773797,7.0,6476.0
09-May-2017 00:00,10-May-2017 00:00,1.11946855364431,6.0,3026.0
10-May-2017 00:00,11-May-2017 00:00,2.36255890598608,6.0,5813.0
11-May-2017 00:00,12-May-2017 00:00,1.57741290861144,3.0,3919.0
12-May-2017 00:00,13-May-2017 00:00,2.0625298258151,2.0,4984.0
13-May-2017 00:00,14-May-2017 00:00,0.881849996025366,2.0,2565.0
14-May-2017 00:00,15-May-2017 00:00,2.13429076695708,0.0,5765.0
15-May-2017 00:00,16-May-2017 00:00,1.89716431041752,4.0,4749.0
16-May-2017 00:00,17-May-2017 00:00,1.72977312494092,3.0,4651.0
17-May-2017 00:00,18-May-2017 00:00,2.91628141652331,5.0,6654.0
18-May-2017 00:00,19-May-2017 00:00,2.38202025172107,5.0,6036.0
19-May-2017 00:00,20-May-2017 00:00,3.11732290687385,8.0,7191.00071162233
20-May-2017 00:00,21-May-2017 00:00,0.401359239387051,2.0,1127.99928837767
21-May-2017 00:00,22-May-2017 00:00,1.00069345025022,2.0,2604.0
22-May-2017 00:00,23-May-2017 00:00,3.8023753777865,20.0,9599.0
23-May-2017 00:00,24-May-2017 00:00,2.49732810387052,3.0,6146.0
24-May-2017 00:00,25-May-2017 00:00,2.61564960629312,10.0,6249.0
25-May-2017 00:00,26-May-2017 00:00,2.32818465163278,6.0,5671.0
26-May-2017 00:00,27-May-2017 00:00,3.84270236815714,11.0,9335.0
27-May-2017 00:00,28-May-2017 00:00,0.659467460034597,1.0,1611.0
28-May-2017 00:00,29-May-2017 00:00,2.87458740952326,5.0,7141.0
29-May-2017 00:00,30-May-2017 00:00,3.35790856398561,8.0,7927.0
30-May-2017 00:00,31-May-2017 00:00,0.797181957367773,2.0,2664.0
31-May-2017 00:00,01-Jun-2017 00:00,2.18347972838404,6.0,5110.0
01-Jun-2017 00:00,02-Jun-2017 00:00,2.93441924162671,10.0,6726.0
02-Jun-2017 00:00,03-Jun-2017 00:00,3.91470064820841,18.0,10105.0
03-Jun-2017 00:00,04-Jun-2017 00:00,0.250741917204272,1.0,640.0
04-Jun-2017 00:00,05-Jun-2017 00:00,1.27052389048073,0.0,3320.0
05-Jun-2017 00:00,06-Jun-2017 00:00,3.21527902051365,7.0,7865.0
06-Jun-2017 00:00,07-Jun-2017 00:00,1.68849543664974,3.0,4147.0
07-Jun-2017 00:00,08-Jun-2017 00:00,0.994889843313663,0.0,2693.0
08-Jun-2017 00:00,09-Jun-2017 00:00,0.743233643014438,0.0,1919.0
09-Jun-2017 00:00,10-Jun-2017 00:00,2.80380701701918,11.0,6649.0
10-Jun-2017 00:00,11-Jun-2017 00:00,0.917392428218853,0.0,2452.0
11-Jun-2017 00:00,12-Jun-2017 00:00,0.906450081518715,8.0,2433.0
12-Jun-2017 00:00,13-Jun-2017 00:00,1.23113517059952,4.0,2762.0
13-Jun-2017 00:00,14-Jun-2017 00:00,1.96771479558273,12.0,4631.0
14-Jun-2017 00:00,15-Jun-2017 00:00,1.41760866539463,2.0,3558.0
15-Jun-2017 00:00,16-Jun-2017 00:00,2.34714268670982,8.0,5896.0
16-Jun-2017 00:00,17-Jun-2017 00:00,3.3883079117921,5.0,8378.0
17-Jun-2017 00:00,18-Jun-2017 00:00,0.676592450084591,0.0,1629.0
18-Jun-2017 00:00,19-Jun-2017 00:00,1.98546737055613,6.0,5126.0
19-Jun-2017 00:00,20-Jun-2017 00:00,1.56747096954056,4.0,3993.0
20-Jun-2017 00:00,21-Jun-2017 00:00,1.43349091306362,5.0,3498.0
21-Jun-2017 00:00,22-Jun-2017 00:00,1.70322193390039,5.0,4078.0
22-Jun-2017 00:00,23-Jun-2017 00:00,3.3899775312169,5.0,8021.0
23-Jun-2017 00:00,24-Jun-2017 00:00,0.0,0.0,0.0
24-Jun-2017 00:00,25-Jun-2017 00:00,2.13035249144485,0.0,5333.0
25-Jun-2017 00:00,26-Jun-2017 00:00,2.77112289230657,1.0,7508.0
26-Jun-2017 00:00,27-Jun-2017 00:00,0.890375208779227,0.0,2434.0
27-Jun-2017 00:00,28-Jun-2017 00:00,2.86816243138665,14.0,6628.0
28-Jun-2017 00:00,29-Jun-2017 00:00,0.914105374610447,0.0,2349.0
29-Jun-2017 00:00,30-Jun-2017 00:00,3.40845711047071,8.0,7748.0
30-Jun-2017 00:00,01-Jul-2017 00:00,4.67414801209272,9.0,12271.0
01-Jul-2017 00:00,02-Jul-2017 00:00,2.02337101327971,1.0,5106.0
02-Jul-2017 00:00,03-Jul-2017 00:00,1.2395547502574,1.0,3308.0
03-Jul-2017 00:00,04-Jul-2017 00:00,2.6635138292267,2.0,6349.0
04-Jul-2017 00:00,05-Jul-2017 00:00,0.00471620734898877,0.0,14.0
05-Jul-2017 00:00,06-Jul-2017 00:00,2.70262914578626,6.0,6905.0
06-Jul-2017 00:00,07-Jul-2017 00:00,3.18183879429832,7.0,7592.0
07-Jul-2017 00:00,08-Jul-2017 00:00,3.26051484331246,7.0,7901.0
08-Jul-2017 00:00,09-Jul-2017 00:00,2.05240719690448,0.0,4851.0
09-Jul-2017 00:00,10-Jul-2017 00:00,2.90166055237096,5.0,6879.0
10-Jul-2017 00:00,11-Jul-2017 00:00,2.628002465582,1.0,6077.0
11-Jul-2017 00:00,12-Jul-2017 00:00,2.67239322356264,7.0,6209.0
12-Jul-2017 00:00,13-Jul-2017 00:00,1.99822412112742,6.0,4872.0
13-Jul-2017 00:00,14-Jul-2017 00:00,3.98006889760961,8.0,8882.0
14-Jul-2017 00:00,15-Jul-2017 00:00,3.86367985960954,6.0,9441.0
15-Jul-2017 00:00,16-Jul-2017 00:00,1.06987691879326,0.0,2871.0
16-Jul-2017 00:00,17-Jul-2017 00:00,2.1591841147649,6.0,5528.0
17-Jul-2017 00:00,18-Jul-2017 00:00,1.21809880298523,6.0,2936.0
18-Jul-2017 00:00,19-Jul-2017 00:00,2.45007282468912,3.0,5744.0
19-Jul-2017 00:00,20-Jul-2017 00:00,2.06663708939194,5.0,4887.0
20-Jul-2017 00:00,21-Jul-2017 00:00,4.49034513440967,10.0,10906.0
21-Jul-2017 00:00,22-Jul-2017 00:00,4.55019245049831,4.0,10601.0
22-Jul-2017 00:00,23-Jul-2017 00:00,1.38703720273383,2.0,3713.0
23-Jul-2017 00:00,24-Jul-2017 00:00,2.10575861966328,2.0,5279.0
24-Jul-2017 00:00,25-Jul-2017 00:00,3.0606445856202,9.0,7537.0
25-Jul-2017 00:00,26-Jul-2017 00:00,3.59352009265943,10.0,8452.0
26-Jul-2017 00:00,27-Jul-2017 00:00,2.98181122245866,6.0,7191.0
27-Jul-2017 00:00,28-Jul-2017 00:00,2.09536307961717,5.0,5551.0
28-Jul-2017 00:00,29-Jul-2017 00:00,3.88564533126445,8.0,9428.0
29-Jul-2017 00:00,30-Jul-2017 00:00,1.40129145788517,0.0,3455.0
30-Jul-2017 00:00,31-Jul-2017 00:00,2.09887382684717,1.0,5317.0
31-Jul-2017 00:00,01-Aug-2017 00:00,3.98727680346653,7.0,9866.0
01-Aug-2017 00:00,02-Aug-2017 00:00,1.89872395212379,8.0,4298.0
02-Aug-2017 00:00,03-Aug-2017 00:00,2.00750740674636,3.0,4711.0
03-Aug-2017 00:00,04-Aug-2017 00:00,3.29693340888709,6.0,8071.0
04-Aug-2017 00:00,05-Aug-2017 00:00,2.78180426308489,5.0,6595.0
05-Aug-2017 00:00,06-Aug-2017 00:00,0.443410482779173,0.0,1258.0
06-Aug-2017 00:00,07-Aug-2017 00:00,3.20390590258524,0.0,7658.0
07-Aug-2017 00:00,08-Aug-2017 00:00,3.04869561758162,9.0,7525.0
08-Aug-2017 00:00,09-Aug-2017 00:00,3.42226397835656,0.0,8523.0
09-Aug-2017 00:00,10-Aug-2017 00:00,2.37990137595863,12.0,6170.0
10-Aug-2017 00:00,11-Aug-2017 00:00,3.02591555142639,13.0,7139.0
11-Aug-2017 00:00,12-Aug-2017 00:00,2.43724772329197,14.0,6005.0
12-Aug-2017 00:00,13-Aug-2017 00:00,2.14695552969491,2.0,5074.0
13-Aug-2017 00:00,14-Aug-2017 00:00,2.2471578481593,2.0,5886.0
14-Aug-2017 00:00,15-Aug-2017 00:00,2.63740381172627,4.0,5949.0
15-Aug-2017 00:00,16-Aug-2017 00:00,3.45114531137058,5.0,7995.0
16-Aug-2017 00:00,17-Aug-2017 00:00,3.10472465799546,8.0,7953.0
17-Aug-2017 00:00,18-Aug-2017 00:00,4.34657235958278,12.0,10224.0
18-Aug-2017 00:00,19-Aug-2017 00:00,1.96127739004193,5.0,4801.0
19-Aug-2017 00:00,20-Aug-2017 00:00,3.10035641850808,3.0,7814.0
20-Aug-2017 00:00,21-Aug-2017 00:00,2.86212891712307,1.0,6902.0
21-Aug-2017 00:00,22-Aug-2017 00:00,3.3247211286061,6.0,7621.0
22-Aug-2017 00:00,23-Aug-2017 00:00,1.86025462242552,1.0,4518.0
23-Aug-2017 00:00,24-Aug-2017 00:00,0.840441819771695,7.0,1857.0
24-Aug-2017 00:00,25-Aug-2017 00:00,3.82188021950454,12.0,9099.0
25-Aug-2017 00:00,26-Aug-2017 00:00,3.27171816589275,3.0,7619.0
26-Aug-2017 00:00,27-Aug-2017 00:00,2.27856194822281,2.0,5845.0
27-Aug-2017 00:00,28-Aug-2017 00:00,0.91678348444671,1.0,2254.0
28-Aug-2017 00:00,29-Aug-2017 00:00,2.52659468701743,8.0,6035.0
29-Aug-2017 00:00,30-Aug-2017 00:00,2.85659249979638,9.0,6455.0
30-Aug-2017 00:00,31-Aug-2017 00:00,1.81802026166739,2.0,4471.0
31-Aug-2017 00:00,01-Sep-2017 00:00,2.80516781992175,6.0,6511.0
01-Sep-2017 00:00,02-Sep-2017 00:00,3.67404358545443,12.0,8567.0
02-Sep-2017 00:00,03-Sep-2017 00:00,1.1736645490308,2.0,3081.0
03-Sep-2017 00:00,04-Sep-2017 00:00,2.1285256601426,3.0,5952.0
04-Sep-2017 00:00,05-Sep-2017 00:00,2.19750407619215,3.0,5047.0
05-Sep-2017 00:00,06-Sep-2017 00:00,2.72248816909477,7.0,6345.0
06-Sep-2017 00:00,07-Sep-2017 00:00,2.69878907180539,4.0,6302.0
07-Sep-2017 00:00,08-Sep-2017 00:00,4.32625964367566,11.0,10360.0
08-Sep-2017 00:00,09-Sep-2017 00:00,3.18045737890064,3.0,7398.0
09-Sep-2017 00:00,10-Sep-2017 00:00,0.0344550326096759,0.0,82.0
10-Sep-2017 00:00,11-Sep-2017 00:00,2.65125417561457,0.0,6811.0
11-Sep-2017 00:00,12-Sep-2017 00:00,2.98696860335412,2.0,6765.0
12-Sep-2017 00:00,13-Sep-2017 00:00,2.59887879781103,5.0,6263.0
13-Sep-2017 00:00,14-Sep-2017 00:00,2.62688399744911,6.0,6414.0
14-Sep-2017 00:00,15-Sep-2017 00:00,4.18970711047927,5.0,9882.0
15-Sep-2017 00:00,16-Sep-2017 00:00,3.09663440505139,3.0,7416.0
16-Sep-2017 00:00,17-Sep-2017 00:00,4.91718628273376,7.0,12016.0
17-Sep-2017 00:00,18-Sep-2017 00:00,1.37189963553312,1.0,3649.0
18-Sep-2017 00:00,19-Sep-2017 00:00,2.58764440665707,4.0,6167.0
19-Sep-2017 00:00,20-Sep-2017 00:00,2.5270731428401,4.0,5942.0
20-Sep-2017 00:00,21-Sep-2017 00:00,3.24720507236263,9.0,7924.0
21-Sep-2017 00:00,22-Sep-2017 00:00,3.76462086413819,3.0,8556.0
22-Sep-2017 00:00,23-Sep-2017 00:00,3.28015017297564,4.0,7626.0
23-Sep-2017 00:00,24-Sep-2017 00:00,0.337305137994022,1.0,1119.0
24-Sep-2017 00:00,25-Sep-2017 00:00,2.57322859500052,3.0,6787.0
25-Sep-2017 00:00,26-Sep-2017 00:00,2.22902002305619,4.0,5306.0
26-Sep-2017 00:00,27-Sep-2017 00:00,2.71847411118194,8.0,6300.0
27-Sep-2017 00:00,28-Sep-2017 00:00,2.77737388648807,4.0,6430.0
28-Sep-2017 00:00,29-Sep-2017 00:00,2.31257580726229,4.0,5310.0
29-Sep-2017 00:00,30-Sep-2017 00:00,4.26682319357243,9.0,10385.0
30-Sep-2017 00:00,01-Oct-2017 00:00,2.66801255666384,1.0,6807.0
01-Oct-2017 00:00,02-Oct-2017 00:00,0.882185536463989,0.0,2161.0
02-Oct-2017 00:00,03-Oct-2017 00:00,2.58505328878548,6.0,7292.0
03-Oct-2017 00:00,04-Oct-2017 00:00,2.72947238127887,6.0,6680.0
04-Oct-2017 00:00,05-Oct-2017 00:00,2.22701768781407,5.0,5892.0
05-Oct-2017 00:00,06-Oct-2017 00:00,2.06443122166454,0.0,5076.0
06-Oct-2017 00:00,07-Oct-2017 00:00,2.86703153581341,4.0,6861.0
07-Oct-2017 00:00,08-Oct-2017 00:00,0.583318420425738,1.0,1517.0
08-Oct-2017 00:00,09-Oct-2017 00:00,3.11257257614756,2.0,7815.0
09-Oct-2017 00:00,10-Oct-2017 00:00,2.94155258290432,4.0,6832.0
10-Oct-2017 00:00,11-Oct-2017 00:00,2.63263168097383,6.0,6344.0
11-Oct-2017 00:00,12-Oct-2017 00:00,2.05342673784165,2.0,4692.0
12-Oct-2017 00:00,13-Oct-2017 00:00,3.17887909607928,3.0,7633.0
13-Oct-2017 00:00,14-Oct-2017 00:00,4.5912247474547,11.0,11342.0
14-Oct-2017 00:00,15-Oct-2017 00:00,0.232206414538918,0.0,702.0
15-Oct-2017 00:00,16-Oct-2017 00:00,0.558246092818904,2.0,1431.0
16-Oct-2017 00:00,17-Oct-2017 00:00,3.85237090391476,6.0,9836.0
17-Oct-2017 00:00,18-Oct-2017 00:00,2.87048635965097,6.0,6750.0
18-Oct-2017 00:00,19-Oct-2017 00:00,3.19003270896646,2.0,7137.0
19-Oct-2017 00:00,20-Oct-2017 00:00,3.31983715102217,4.0,7815.0
20-Oct-2017 00:00,21-Oct-2017 00:00,3.15565845459839,4.0,7301.0
21-Oct-2017 00:00,22-Oct-2017 00:00,2.6836027598793,2.0,6480.0
22-Oct-2017 00:00,23-Oct-2017 00:00,2.7830842877554,3.0,7326.0
23-Oct-2017 00:00,24-Oct-2017 00:00,2.30158996460542,2.0,5302.0
24-Oct-2017 00:00,25-Oct-2017 00:00,2.52346297621635,3.0,6024.0
25-Oct-2017 00:00,26-Oct-2017 00:00,2.7408061918341,4.0,6308.0
26-Oct-2017 00:00,27-Oct-2017 00:00,3.17858705161736,3.0,7450.0
27-Oct-2017 00:00,28-Oct-2017 00:00,4.60157571032105,6.0,11698.0
28-Oct-2017 00:00,29-Oct-2017 00:00,0.380801121449188,2.0,1054.0
29-Oct-2017 00:00,30-Oct-2017 00:00,0.504354569313857,0.0,1565.0
30-Oct-2017 00:00,31-Oct-2017 00:00,3.16809830588928,4.0,8529.0
31-Oct-2017 00:00,01-Nov-2017 00:00,2.5173362562546,6.0,6207.0
01-Nov-2017 00:00,02-Nov-2017 00:00,2.33266473792531,4.0,5769.0
02-Nov-2017 00:00,03-Nov-2017 00:00,2.19478868408982,8.0,5080.0
03-Nov-2017 00:00,04-Nov-2017 00:00,2.37825474230591,3.0,5419.0
04-Nov-2017 00:00,05-Nov-2017 00:00,0.806782142284194,0.0,1810.0
05-Nov-2017 00:00,06-Nov-2017 00:00,1.36838985325551,0.0,3336.0
06-Nov-2017 00:00,07-Nov-2017 00:00,2.92913137278351,3.0,6972.0
07-Nov-2017 00:00,08-Nov-2017 00:00,1.96640991608157,3.0,4713.0
08-Nov-2017 00:00,09-Nov-2017 00:00,2.27251600651714,2.0,5274.0
09-Nov-2017 00:00,10-Nov-2017 00:00,4.80636209535778,9.0,11832.0
10-Nov-2017 00:00,11-Nov-2017 00:00,2.79511466107442,5.0,6633.03681235865
11-Nov-2017 00:00,12-Nov-2017 00:00,0.599433117401858,1.0,1531.96318764135
12-Nov-2017 00:00,13-Nov-2017 00:00,0.526344895806928,0.0,1513.0
13-Nov-2017 00:00,14-Nov-2017 00:00,2.7442113059661,3.0,6532.0
14-Nov-2017 00:00,15-Nov-2017 00:00,1.91903036267174,6.0,4840.0
15-Nov-2017 00:00,16-Nov-2017 00:00,0.00761179710490734,0.0,17.0
16-Nov-2017 00:00,17-Nov-2017 00:00,2.70375382763382,4.0,6187.0
17-Nov-2017 00:00,18-Nov-2017 00:00,2.12700951441506,3.0,5066.0
18-Nov-2017 00:00,19-Nov-2017 00:00,0.623179382406837,0.0,1510.0
19-Nov-2017 00:00,20-Nov-2017 00:00,0.894668883719995,0.0,2244.0
20-Nov-2017 00:00,21-Nov-2017 00:00,0.793975682015157,0.0,1857.0
21-Nov-2017 00:00,22-Nov-2017 00:00,2.21115560128284,7.0,5631.0
22-Nov-2017 00:00,23-Nov-2017 00:00,3.14891657718397,3.0,7796.0
23-Nov-2017 00:00,24-Nov-2017 00:00,4.41282286445933,10.0,10835.0
24-Nov-2017 00:00,25-Nov-2017 00:00,4.2835838701898,4.0,10620.0
25-Nov-2017 00:00,26-Nov-2017 00:00,1.09883281634897,1.0,2934.0
26-Nov-2017 00:00,27-Nov-2017 00:00,0.0103396166386209,0.0,20.0
27-Nov-2017 00:00,28-Nov-2017 00:00,3.08203839576585,3.0,7866.0
28-Nov-2017 00:00,29-Nov-2017 00:00,3.20903424003901,5.0,7872.0
29-Nov-2017 00:00,30-Nov-2017 00:00,1.76314697167654,6.0,4200.0
30-Nov-2017 00:00,01-Dec-2017 00:00,1.99597475741117,4.0,4878.0
01-Dec-2017 00:00,02-Dec-2017 00:00,5.08261751371072,7.0,11702.0
02-Dec-2017 00:00,03-Dec-2017 00:00,0.16593096317566,2.0,466.0
03-Dec-2017 00:00,04-Dec-2017 00:00,1.46202427821401,1.0,3828.0
04-Dec-2017 00:00,05-Dec-2017 00:00,0.967916119860573,0.0,2428.0
05-Dec-2017 00:00,06-Dec-2017 00:00,2.14492364590206,6.0,5363.0
06-Dec-2017 00:00,07-Dec-2017 00:00,2.24628171478307,8.0,5291.0
07-Dec-2017 00:00,08-Dec-2017 00:00,2.95026420703224,11.0,7131.0
08-Dec-2017 00:00,09-Dec-2017 00:00,1.6269113377895,5.0,3867.0
09-Dec-2017 00:00,10-Dec-2017 00:00,1.5045795997988,3.0,3723.0
10-Dec-2017 00:00,11-Dec-2017 00:00,0.664034538289208,0.0,1614.0
11-Dec-2017 00:00,12-Dec-2017 00:00,2.04345994391669,3.0,5121.0
12-Dec-2017 00:00,13-Dec-2017 00:00,3.09530467071294,7.0,7018.0
13-Dec-2017 00:00,14-Dec-2017 00:00,1.90061913424582,3.0,4451.0
14-Dec-2017 00:00,15-Dec-2017 00:00,3.89294715115568,4.0,9030.0
15-Dec-2017 00:00,16-Dec-2017 00:00,3.70004175613957,9.0,8942.0
16-Dec-2017 00:00,17-Dec-2017 00:00,1.94677410457644,2.0,5048.0
17-Dec-2017 00:00,18-Dec-2017 00:00,1.27911745406682,0.0,3419.0
18-Dec-2017 00:00,19-Dec-2017 00:00,2.58452512326913,3.0,6082.0
19-Dec-2017 00:00,20-Dec-2017 00:00,2.87325146145972,4.0,6851.0
20-Dec-2017 00:00,21-Dec-2017 00:00,3.72493388610063,9.0,9000.0
21-Dec-2017 00:00,22-Dec-2017 00:00,2.50660517576899,3.0,5859.0
22-Dec-2017 00:00,23-Dec-2017 00:00,2.79065258887927,5.0,7406.0
23-Dec-2017 00:00,24-Dec-2017 00:00,4.36948843751777,6.0,10968.0
24-Dec-2017 00:00,25-Dec-2017 00:00,2.55717857709919,10.0,6448.0
25-Dec-2017 00:00,26-Dec-2017 00:00,3.4748941183441,0.0,8833.0
26-Dec-2017 00:00,27-Dec-2017 00:00,2.51644769545854,0.0,5893.0
27-Dec-2017 00:00,28-Dec-2017 00:00,1.73226482343117,1.0,4092.0
28-Dec-2017 00:00,29-Dec-2017 00:00,4.4539682632195,14.0,10033.0
29-Dec-2017 00:00,30-Dec-2017 00:00,6.44864167178328,10.0,14676.0
30-Dec-2017 00:00,31-Dec-2017 00:00,3.56934698854386,3.0,8350.0
31-Dec-2017 00:00,01-Jan-2018 00:00,4.14665315540344,5.0,9461.0
01-Jan-2018 00:00,02-Jan-2018 00:00,4.24597848564351,3.0,10020.0
02-Jan-2018 00:00,03-Jan-2018 00:00,2.21124880696712,0.0,5222.0
03-Jan-2018 00:00,04-Jan-2018 00:00,5.89657649327892,11.0,14352.0
04-Jan-2018 00:00,05-Jan-2018 00:00,5.08640166427995,5.0,12255.0
05-Jan-2018 00:00,06-Jan-2018 00:00,3.91661447148674,7.0,9456.0
06-Jan-2018 00:00,07-Jan-2018 00:00,2.09217544539919,9.0,4852.0
07-Jan-2018 00:00,08-Jan-2018 00:00,0.012023532569796,0.0,27.0
08-Jan-2018 00:00,09-Jan-2018 00:00,2.37591838662193,7.0,6358.0
09-Jan-2018 00:00,10-Jan-2018 00:00,2.00444404676703,3.0,4911.0
10-Jan-2018 00:00,11-Jan-2018 00:00,2.63791333611719,5.0,6034.0
11-Jan-2018 00:00,12-Jan-2018 00:00,3.09825618388629,5.0,8031.0
12-Jan-2018 00:00,13-Jan-2018 00:00,0.371157440547254,1.0,877.0
13-Jan-2018 00:00,14-Jan-2018 00:00,0.0155964169251426,0.0,36.0
14-Jan-2018 00:00,15-Jan-2018 00:00,2.68378917124103,0.0,6120.0
15-Jan-2018 00:00,16-Jan-2018 00:00,2.57990212160998,6.0,6081.0
16-Jan-2018 00:00,17-Jan-2018 00:00,3.7003648691646,3.0,10768.0
17-Jan-2018 00:00,18-Jan-2018 00:00,2.49800539847306,2.0,6647.0
18-Jan-2018 00:00,19-Jan-2018 00:00,1.71153588045829,4.0,4591.0
19-Jan-2018 00:00,20-Jan-2018 00:00,3.0874459595414,5.0,7731.0
20-Jan-2018 00:00,21-Jan-2018 00:00,1.07908563986336,1.0,2830.0
21-Jan-2018 00:00,22-Jan-2018 00:00,4.86231657122472,10.0,11418.0
22-Jan-2018 00:00,23-Jan-2018 00:00,3.48337583512322,6.0,9201.0
23-Jan-2018 00:00,24-Jan-2018 00:00,1.61703153583088,2.0,4467.0
24-Jan-2018 00:00,25-Jan-2018 00:00,1.59014480434242,4.0,4569.0
25-Jan-2018 00:00,26-Jan-2018 00:00,2.42655392507786,6.0,6319.0
26-Jan-2018 00:00,27-Jan-2018 00:00,2.47818365744057,3.0,6246.0
27-Jan-2018 00:00,28-Jan-2018 00:00,2.18343623240302,4.0,5288.0
28-Jan-2018 00:00,29-Jan-2018 00:00,2.46918620257797,6.0,5611.0
29-Jan-2018 00:00,30-Jan-2018 00:00,2.18374070428712,5.0,5130.0
30-Jan-2018 00:00,31-Jan-2018 00:00,3.66863144237681,9.0,9175.0
31-Jan-2018 00:00,01-Feb-2018 00:00,2.2979425157086,2.0,6285.0
01-Feb-2018 00:00,02-Feb-2018 00:00,2.61848927264778,10.0,6725.0
02-Feb-2018 00:00,03-Feb-2018 00:00,1.70236661535727,4.0,4212.0
03-Feb-2018 00:00,04-Feb-2018 00:00,1.05654850672072,0.0,2570.0
04-Feb-2018 00:00,05-Feb-2018 00:00,2.14494850075584,1.0,5178.0
05-Feb-2018 00:00,06-Feb-2018 00:00,0.00909687425434517,0.0,24.0
06-Feb-2018 00:00,07-Feb-2018 00:00,0.0374314006203893,0.0,103.0
07-Feb-2018 00:00,08-Feb-2018 00:00,3.52656734669575,12.0,8907.0
08-Feb-2018 00:00,09-Feb-2018 00:00,3.34772429014534,5.0,9305.0
09-Feb-2018 00:00,10-Feb-2018 00:00,4.15120028539619,17.0,9727.0
10-Feb-2018 00:00,11-Feb-2018 00:00,2.29986255269292,2.0,5215.0
11-Feb-2018 00:00,12-Feb-2018 00:00,4.07956285294026,2.0,9510.0
12-Feb-2018 00:00,13-Feb-2018 00:00,2.4769844110393,6.0,5968.0
13-Feb-2018 00:00,14-Feb-2018 00:00,3.48965168416453,13.0,8730.0
14-Feb-2018 00:00,15-Feb-2018 00:00,4.06336144690066,6.0,9850.0
15-Feb-2018 00:00,16-Feb-2018 00:00,3.18978416050298,3.0,7279.0
16-Feb-2018 00:00,17-Feb-2018 00:00,2.60562688896908,12.0,6122.0
17-Feb-2018 00:00,18-Feb-2018 00:00,1.21936018651094,2.0,2786.0
18-Feb-2018 00:00,19-Feb-2018 00:00,2.6751024019736,4.0,6095.0
19-Feb-2018 00:00,20-Feb-2018 00:00,1.75307454465938,0.0,4277.0
20-Feb-2018 00:00,21-Feb-2018 00:00,3.34691650759566,11.0,7585.0
21-Feb-2018 00:00,22-Feb-2018 00:00,2.1941610991801,3.0,5592.0
22-Feb-2018 00:00,23-Feb-2018 00:00,2.52561913425551,12.0,6204.0
23-Feb-2018 00:00,24-Feb-2018 00:00,2.06303313648327,3.0,5338.0
24-Feb-2018 00:00,25-Feb-2018 00:00,1.30032485285987,7.0,3187.0
25-Feb-2018 00:00,26-Feb-2018 00:00,0.938382347093208,0.0,2422.0
26-Feb-2018 00:00,27-Feb-2018 00:00,3.87649253360273,4.0,9257.0
27-Feb-2018 00:00,28-Feb-2018 00:00,3.63360474826951,7.0,8936.0
28-Feb-2018 00:00,01-Mar-2018 00:00,1.95470949653882,2.0,4405.0
01-Mar-2018 00:00,02-Mar-2018 00:00,1.79128265926924,0.0,4126.0
02-Mar-2018 00:00,03-Mar-2018 00:00,1.9420335242176,2.0,4672.0
03-Mar-2018 00:00,04-Mar-2018 00:00,1.0362296687345,1.0,2582.0
04-Mar-2018 00:00,05-Mar-2018 00:00,1.57305088284503,5.0,3603.0
05-Mar-2018 00:00,06-Mar-2018 00:00,3.03855483973476,7.0,6932.0
06-Mar-2018 00:00,07-Mar-2018 00:00,2.65190040165337,6.0,6379.0
07-Mar-2018 00:00,08-Mar-2018 00:00,1.79256268392513,4.0,4641.0
08-Mar-2018 00:00,09-Mar-2018 00:00,3.09163858068799,7.0,7661.0
09-Mar-2018 00:00,10-Mar-2018 00:00,3.6933558021129,6.0,8934.0
10-Mar-2018 00:00,11-Mar-2018 00:00,0.827890121689868,0.0,1948.0
11-Mar-2018 00:00,12-Mar-2018 00:00,4.52251352103716,4.0,10062.0
12-Mar-2018 00:00,13-Mar-2018 00:00,3.08347376322126,1.0,7279.0
13-Mar-2018 00:00,14-Mar-2018 00:00,2.078188379861,4.0,5041.0
14-Mar-2018 00:00,15-Mar-2018 00:00,2.80364546051027,4.0,6555.0
15-Mar-2018 00:00,16-Mar-2018 00:00,1.2848340690379,3.0,3046.0
16-Mar-2018 00:00,17-Mar-2018 00:00,3.79468901614522,5.0,8827.0
17-Mar-2018 00:00,18-Mar-2018 00:00,2.07851770659327,5.0,4772.0
18-Mar-2018 00:00,19-Mar-2018 00:00,3.16160497693495,3.0,7265.0
19-Mar-2018 00:00,20-Mar-2018 00:00,2.31281192833766,4.0,5017.0
20-Mar-2018 00:00,21-Mar-2018 00:00,2.78407226795523,7.0,6797.0
21-Mar-2018 00:00,22-Mar-2018 00:00,2.98968399546517,1.0,7456.0
22-Mar-2018 00:00,23-Mar-2018 00:00,2.84971392070196,3.0,6457.0
23-Mar-2018 00:00,24-Mar-2018 00:00,3.49707706991208,10.0,8797.0
24-Mar-2018 00:00,25-Mar-2018 00:00,2.20835943092345,0.0,5110.0
25-Mar-2018 00:00,26-Mar-2018 00:00,5.02705923658917,3.0,12857.0
26-Mar-2018 00:00,27-Mar-2018 00:00,2.34123966038379,4.0,5610.0
27-Mar-2018 00:00,28-Mar-2018 00:00,3.0797703909171,3.0,6823.0
28-Mar-2018 00:00,29-Mar-2018 00:00,1.4281409071023,8.0,3171.0
29-Mar-2018 00:00,30-Mar-2018 00:00,2.77554705519884,7.0,6475.0
30-Mar-2018 00:00,31-Mar-2018 00:00,2.17827263779511,0.0,5129.0
31-Mar-2018 00:00,01-Apr-2018 00:00,3.81836754208676,0.0,9115.0
01-Apr-2018 00:00,02-Apr-2018 00:00,1.77014361131054,3.0,4194.0
02-Apr-2018 00:00,03-Apr-2018 00:00,3.69309482621611,10.0,8363.0
03-Apr-2018 00:00,04-Apr-2018 00:00,2.57076175137025,3.0,6142.0
04-Apr-2018 00:00,05-Apr-2018 00:00,2.84799272250057,2.0,6554.0
05-Apr-2018 00:00,06-Apr-2018 00:00,1.92521921975656,1.0,4765.0
06-Apr-2018 00:00,07-Apr-2018 00:00,3.15423551459383,5.0,7619.0
07-Apr-2018 00:00,08-Apr-2018 00:00,0.806452815557138,0.0,1882.0
08-Apr-2018 00:00,09-Apr-2018 00:00,4.59741360455027,4.0,11547.0
09-Apr-2018 00:00,10-Apr-2018 00:00,1.90881502028051,3.0,4967.0
10-Apr-2018 00:00,11-Apr-2018 00:00,3.20108068877585,3.0,8807.0
11-Apr-2018 00:00,12-Apr-2018 00:00,6.8437077467585,7.0,15033.0
12-Apr-2018 00:00,13-Apr-2018 00:00,2.41728151924823,1.0,5464.62548495706
13-Apr-2018 00:00,14-Apr-2018 00:00,2.79384177073868,5.0,6568.37451504294
14-Apr-2018 00:00,15-Apr-2018 00:00,2.13920703094024,3.0,5229.0
15-Apr-2018 00:00,16-Apr-2018 00:00,3.76480106180082,10.0,9276.0
16-Apr-2018 00:00,17-Apr-2018 00:00,2.45808229937136,1.0,6543.0
17-Apr-2018 00:00,18-Apr-2018 00:00,2.55277305535562,4.0,6408.0
18-Apr-2018 00:00,19-Apr-2018 00:00,2.88095646424898,5.0,6470.0
19-Apr-2018 00:00,20-Apr-2018 00:00,2.50567311898357,6.0,6093.0
20-Apr-2018 00:00,21-Apr-2018 00:00,1.65061664877022,3.0,3821.0
21-Apr-2018 00:00,22-Apr-2018 00:00,2.04429258132544,2.0,5001.0
22-Apr-2018 00:00,23-Apr-2018 00:00,3.18938648294108,5.0,8310.0
23-Apr-2018 00:00,24-Apr-2018 00:00,1.87261393462217,4.0,4445.0
24-Apr-2018 00:00,25-Apr-2018 00:00,1.86892920345105,4.0,4741.0
25-Apr-2018 00:00,26-Apr-2018 00:00,3.06427960709315,6.0,7360.0
26-Apr-2018 00:00,27-Apr-2018 00:00,1.401763699992,2.0,3375.0
27-Apr-2018 00:00,28-Apr-2018 00:00,3.65774501908802,3.0,8666.0
28-Apr-2018 00:00,29-Apr-2018 00:00,2.62205594329091,2.0,6614.0
29-Apr-2018 00:00,30-Apr-2018 00:00,2.51970368050429,0.0,6204.0
30-Apr-2018 00:00,01-May-2018 00:00,1.80175276385762,2.0,4521.0
01-May-2018 00:00,02-May-2018 00:00,5.07821199196262,4.0,11302.0
02-May-2018 00:00,03-May-2018 00:00,3.51323893462044,6.0,8538.0
03-May-2018 00:00,04-May-2018 00:00,2.68544201861069,2.0,6615.0
04-May-2018 00:00,05-May-2018 00:00,4.34768452239057,7.0,10385.0
05-May-2018 00:00,06-May-2018 00:00,2.31648423208362,0.0,5362.0
06-May-2018 00:00,07-May-2018 00:00,2.14465024258272,3.0,5014.0
07-May-2018 00:00,08-May-2018 00:00,1.92653652668486,4.0,5117.0
08-May-2018 00:00,09-May-2018 00:00,2.89893273284065,4.0,7043.0
09-May-2018 00:00,10-May-2018 00:00,2.36634927026183,4.0,5597.0
10-May-2018 00:00,11-May-2018 00:00,1.84404328720184,3.0,4961.0
11-May-2018 00:00,12-May-2018 00:00,4.16664802553007,9.0,9648.0
12-May-2018 00:00,13-May-2018 00:00,2.20945925793484,0.0,5287.0
13-May-2018 00:00,14-May-2018 00:00,1.75557245685166,0.0,4433.0
14-May-2018 00:00,15-May-2018 00:00,1.86984883281583,3.0,4370.0
15-May-2018 00:00,16-May-2018 00:00,2.52921065974801,4.0,6315.0
16-May-2018 00:00,17-May-2018 00:00,2.93815368249496,4.0,7207.0
17-May-2018 00:00,18-May-2018 00:00,2.72864595760921,6.0,6703.0
18-May-2018 00:00,19-May-2018 00:00,2.77662202735915,1.0,6845.0
19-May-2018 00:00,20-May-2018 00:00,1.6736073828834,0.0,3957.0
20-May-2018 00:00,21-May-2018 00:00,1.69414181506307,0.0,3946.0
21-May-2018 00:00,22-May-2018 00:00,3.96581464248873,6.0,10122.0
22-May-2018 00:00,23-May-2018 00:00,3.10568156963369,2.0,7205.0
23-May-2018 00:00,24-May-2018 00:00,2.88175803308887,3.0,6815.0
24-May-2018 00:00,25-May-2018 00:00,1.77912242503776,1.0,4282.0
25-May-2018 00:00,26-May-2018 00:00,2.35080309608265,4.0,5327.87725637085
26-May-2018 00:00,27-May-2018 00:00,0.806470923642234,1.0,2027.12274362915
27-May-2018 00:00,28-May-2018 00:00,5.02200896762522,2.0,11913.0
28-May-2018 00:00,29-May-2018 00:00,2.71025337031654,6.0,7249.0
29-May-2018 00:00,30-May-2018 00:00,4.17682683692064,3.0,9756.0
30-May-2018 00:00,31-May-2018 00:00,2.27636229420002,4.0,5759.0
31-May-2018 00:00,01-Jun-2018 00:00,2.34222142686641,1.0,5433.0
01-Jun-2018 00:00,02-Jun-2018 00:00,2.96550022866395,3.0,7030.0
02-Jun-2018 00:00,03-Jun-2018 00:00,1.63985449972081,2.0,3927.0
03-Jun-2018 00:00,04-Jun-2018 00:00,3.97635931161859,2.0,9433.0
04-Jun-2018 00:00,05-Jun-2018 00:00,1.86818977173391,5.0,4459.0
05-Jun-2018 00:00,06-Jun-2018 00:00,2.72547696452534,4.0,6795.0
06-Jun-2018 00:00,07-Jun-2018 00:00,2.59738750695955,5.0,6805.0
07-Jun-2018 00:00,08-Jun-2018 00:00,1.88958979559286,8.0,4503.0
08-Jun-2018 00:00,09-Jun-2018 00:00,2.69589348206047,3.0,6460.0
09-Jun-2018 00:00,10-Jun-2018 00:00,1.48759991648717,0.0,3718.0
10-Jun-2018 00:00,11-Jun-2018 00:00,3.26414365107424,5.0,7395.0
11-Jun-2018 00:00,12-Jun-2018 00:00,2.96127490455729,2.0,7360.0
12-Jun-2018 00:00,13-Jun-2018 00:00,3.85457677165012,7.0,8676.0
13-Jun-2018 00:00,14-Jun-2018 00:00,3.28222555277105,2.0,7510.0
14-Jun-2018 00:00,15-Jun-2018 00:00,3.07939756820171,4.0,7265.0
15-Jun-2018 00:00,16-Jun-2018 00:00,4.50147674008329,4.0,10353.0
16-Jun-2018 00:00,17-Jun-2018 00:00,0.433946999522779,1.0,1002.0
17-Jun-2018 00:00,18-Jun-2018 00:00,3.83695290787348,20.0,9276.0
18-Jun-2018 00:00,19-Jun-2018 00:00,4.00261358608268,10.0,9140.0
19-Jun-2018 00:00,20-Jun-2018 00:00,2.55563136284092,5.0,6385.0
20-Jun-2018 00:00,21-Jun-2018 00:00,2.60533484450797,3.0,6044.0
21-Jun-2018 00:00,22-Jun-2018 00:00,2.63652146464632,4.0,6275.0
22-Jun-2018 00:00,23-Jun-2018 00:00,3.07662625268408,10.0,6973.0
23-Jun-2018 00:00,24-Jun-2018 00:00,1.75136577388016,0.0,4042.0
24-Jun-2018 00:00,25-Jun-2018 00:00,1.59646414936762,0.0,4246.0
25-Jun-2018 00:00,26-Jun-2018 00:00,1.83994223733396,1.0,4581.0
26-Jun-2018 00:00,27-Jun-2018 00:00,3.15913191958943,9.0,7491.0
27-Jun-2018 00:00,28-Jun-2018 00:00,2.63765857392795,5.0,6493.0
28-Jun-2018 00:00,29-Jun-2018 00:00,3.05152285651801,20.0,7328.0
29-Jun-2018 00:00,30-Jun-2018 00:00,4.11738571741049,8.0,9489.0
30-Jun-2018 00:00,01-Jul-2018 00:00,1.94933463572816,2.0,4458.0
01-Jul-2018 00:00,02-Jul-2018 00:00,2.03719652231022,1.0,5174.0
02-Jul-2018 00:00,03-Jul-2018 00:00,1.99359490575089,4.0,4532.0
03-Jul-2018 00:00,04-Jul-2018 00:00,2.72791895331294,5.0,6936.0
04-Jul-2018 00:00,05-Jul-2018 00:00,3.21527902052021,5.0,7920.0
05-Jul-2018 00:00,06-Jul-2018 00:00,3.51103306688958,5.0,8204.0
06-Jul-2018 00:00,07-Jul-2018 00:00,3.17102011202371,9.0,8174.01251394888
07-Jul-2018 00:00,08-Jul-2018 00:00,3.81539707920269,9.0,8719.98748605112
08-Jul-2018 00:00,09-Jul-2018 00:00,0.186069603515495,0.0,449.0
09-Jul-2018 00:00,10-Jul-2018 00:00,3.41450560439887,4.0,8146.0
10-Jul-2018 00:00,11-Jul-2018 00:00,2.91089412829104,5.0,6931.0
11-Jul-2018 00:00,12-Jul-2018 00:00,2.72750884832562,3.0,6491.0
12-Jul-2018 00:00,13-Jul-2018 00:00,2.67133689254786,3.0,6220.0
13-Jul-2018 00:00,14-Jul-2018 00:00,2.67037376719968,1.0,6653.0
14-Jul-2018 00:00,15-Jul-2018 00:00,0.911122792889361,1.0,2323.0
15-Jul-2018 00:00,16-Jul-2018 00:00,5.46609082208602,7.0,12728.0
16-Jul-2018 00:00,17-Jul-2018 00:00,2.64525172989788,7.0,6394.0
17-Jul-2018 00:00,18-Jul-2018 00:00,2.96388502225523,4.0,6984.0
18-Jul-2018 00:00,19-Jul-2018 00:00,5.05182857114549,7.0,11506.0
19-Jul-2018 00:00,20-Jul-2018 00:00,1.32009067048429,1.0,2988.0
20-Jul-2018 00:00,21-Jul-2018 00:00,3.04570060844713,2.0,7000.0
21-Jul-2018 00:00,22-Jul-2018 00:00,0.38499537699849,7.0,926.0
22-Jul-2018 00:00,23-Jul-2018 00:00,3.69282142289151,1.0,9041.0
23-Jul-2018 00:00,24-Jul-2018 00:00,1.96041368408499,5.0,4604.0
24-Jul-2018 00:00,25-Jul-2018 00:00,2.94909602918969,3.0,7066.0
25-Jul-2018 00:00,26-Jul-2018 00:00,2.52102720114559,4.0,6359.0
26-Jul-2018 00:00,27-Jul-2018 00:00,0.304527807603647,0.0,682.0
27-Jul-2018 00:00,28-Jul-2018 00:00,3.35728719279368,5.0,8730.0
28-Jul-2018 00:00,29-Jul-2018 00:00,3.51655084307659,16.0,8601.0
29-Jul-2018 00:00,30-Jul-2018 00:00,3.21963384873511,6.0,7436.0
30-Jul-2018 00:00,31-Jul-2018 00:00,1.85597982780562,7.0,4543.0
31-Jul-2018 00:00,01-Aug-2018 00:00,3.18790761950233,6.0,7798.0
01-Aug-2018 00:00,02-Aug-2018 00:00,2.81591132784514,6.0,6732.0
02-Aug-2018 00:00,03-Aug-2018 00:00,2.6187626759721,8.0,6205.0
03-Aug-2018 00:00,04-Aug-2018 00:00,2.71587056589471,2.0,6847.0
04-Aug-2018 00:00,05-Aug-2018 00:00,2.23544500119287,2.0,5058.0
05-Aug-2018 00:00,06-Aug-2018 00:00,3.8747775491153,2.0,9260.0
06-Aug-2018 00:00,07-Aug-2018 00:00,3.05820881054673,5.0,7844.0
07-Aug-2018 00:00,08-Aug-2018 00:00,3.52706444364922,4.0,8327.0
08-Aug-2018 00:00,09-Aug-2018 00:00,3.42374284180403,10.0,7825.0
09-Aug-2018 00:00,10-Aug-2018 00:00,1.53003956891795,5.0,3743.0
10-Aug-2018 00:00,11-Aug-2018 00:00,3.07507903841637,2.0,7495.0
11-Aug-2018 00:00,12-Aug-2018 00:00,2.1640494512056,1.0,5024.0
12-Aug-2018 00:00,13-Aug-2018 00:00,3.47883361171089,0.0,8030.0
13-Aug-2018 00:00,14-Aug-2018 00:00,3.74125109361266,10.0,9071.0
14-Aug-2018 00:00,15-Aug-2018 00:00,2.74968558617615,1.0,7106.0
15-Aug-2018 00:00,16-Aug-2018 00:00,3.71414066849404,2.0,9062.0
16-Aug-2018 00:00,17-Aug-2018 00:00,2.16227854330653,6.0,5193.0
17-Aug-2018 00:00,18-Aug-2018 00:00,3.34531958363218,2.0,7888.0
18-Aug-2018 00:00,19-Aug-2018 00:00,0.579255715768135,0.0,1449.0
19-Aug-2018 00:00,20-Aug-2018 00:00,0.93140434860434,0.0,2257.0
20-Aug-2018 00:00,21-Aug-2018 00:00,1.340887964289,3.0,3097.0
21-Aug-2018 00:00,22-Aug-2018 00:00,1.45630766324744,0.0,3353.0
22-Aug-2018 00:00,23-Aug-2018 00:00,1.18978002392147,0.0,2955.0
23-Aug-2018 00:00,24-Aug-2018 00:00,3.1731046147604,4.0,7552.0
24-Aug-2018 00:00,25-Aug-2018 00:00,1.04236881611445,3.0,2501.0
25-Aug-2018 00:00,26-Aug-2018 00:00,0.687907619502009,4.0,1772.0
26-Aug-2018 00:00,27-Aug-2018 00:00,0.228105364670492,1.0,521.0
27-Aug-2018 00:00,28-Aug-2018 00:00,1.05424715312811,7.0,2365.0
28-Aug-2018 00:00,29-Aug-2018 00:00,2.08810546409032,2.0,5039.0
29-Aug-2018 00:00,30-Aug-2018 00:00,3.50104141811986,0.0,8201.0
30-Aug-2018 00:00,31-Aug-2018 00:00,2.99097023383441,7.0,7387.0
31-Aug-2018 00:00,01-Sep-2018 00:00,4.06353188491679,8.0,9483.0
01-Sep-2018 00:00,02-Sep-2018 00:00,3.05038574723795,1.0,7288.0
02-Sep-2018 00:00,03-Sep-2018 00:00,3.86638282430686,0.0,8756.0
03-Sep-2018 00:00,04-Sep-2018 00:00,1.90485688578723,2.0,4694.0
04-Sep-2018 00:00,05-Sep-2018 00:00,2.74784011373692,3.0,6583.0
05-Sep-2018 00:00,06-Sep-2018 00:00,2.98458875169171,3.0,7161.0
06-Sep-2018 00:00,07-Sep-2018 00:00,2.52434532331123,5.0,6190.0
07-Sep-2018 00:00,08-Sep-2018 00:00,2.21372186431329,1.0,5592.0
08-Sep-2018 00:00,09-Sep-2018 00:00,2.66133903006526,1.0,6121.0
09-Sep-2018 00:00,10-Sep-2018 00:00,2.06231948776574,2.0,4788.0
10-Sep-2018 00:00,11-Sep-2018 00:00,1.69803348445112,2.0,4413.0
11-Sep-2018 00:00,12-Sep-2018 00:00,2.8408096715173,3.0,6762.0
12-Sep-2018 00:00,13-Sep-2018 00:00,2.30772289827392,7.0,5545.0
13-Sep-2018 00:00,14-Sep-2018 00:00,2.93999294122244,3.0,7192.0
14-Sep-2018 00:00,15-Sep-2018 00:00,1.81712165161918,3.0,4044.66071277739
15-Sep-2018 00:00,16-Sep-2018 00:00,0.867092316571749,1.0,2077.33928722261
16-Sep-2018 00:00,17-Sep-2018 00:00,0.0467706096397157,0.0,105.0
17-Sep-2018 00:00,18-Sep-2018 00:00,2.24528752087818,4.0,5409.0
18-Sep-2018 00:00,19-Sep-2018 00:00,3.26442948182615,10.0,7383.0
19-Sep-2018 00:00,20-Sep-2018 00:00,2.95430933349258,5.0,6662.0
20-Sep-2018 00:00,21-Sep-2018 00:00,2.85336136960108,5.0,6338.0
21-Sep-2018 00:00,22-Sep-2018 00:00,2.81593618269398,1.0,6707.0
22-Sep-2018 00:00,23-Sep-2018 00:00,2.51422318659078,1.0,6150.0
23-Sep-2018 00:00,24-Sep-2018 00:00,2.13452810586267,11.0,4729.0
24-Sep-2018 00:00,25-Sep-2018 00:00,2.47909707309308,3.0,5867.0
25-Sep-2018 00:00,26-Sep-2018 00:00,1.33094816689961,3.0,3039.0
26-Sep-2018 00:00,27-Sep-2018 00:00,2.86906341962991,6.0,7130.0
27-Sep-2018 00:00,28-Sep-2018 00:00,2.93850786407389,4.0,6879.0
28-Sep-2018 00:00,29-Sep-2018 00:00,4.3160551852406,11.0,10087.0678344767
29-Sep-2018 00:00,30-Sep-2018 00:00,2.02668481097639,1.0,4646.93216552327
30-Sep-2018 00:00,01-Oct-2018 00:00,0.685291646782532,1.0,1762.0
01-Oct-2018 00:00,02-Oct-2018 00:00,0.922034270299362,1.0,2159.01453619767
02-Oct-2018 00:00,03-Oct-2018 00:00,3.34872449849112,5.0,8343.98546380234
03-Oct-2018 00:00,04-Oct-2018 00:00,2.67211360653882,5.0,6397.0
04-Oct-2018 00:00,05-Oct-2018 00:00,2.63043824067542,2.0,6166.0
05-Oct-2018 00:00,06-Oct-2018 00:00,4.40580015135729,8.0,10222.2878092375
06-Oct-2018 00:00,07-Oct-2018 00:00,0.359043505690863,2.0,936.712190762452
07-Oct-2018 00:00,08-Oct-2018 00:00,2.20121532738368,1.92180502306284,5057.41218418554
08-Oct-2018 00:00,09-Oct-2018 00:00,4.27831862903642,5.07819497693716,10104.8776195287
09-Oct-2018 00:00,10-Oct-2018 00:00,2.55176838293385,6.0,6311.71019628575
10-Oct-2018 00:00,11-Oct-2018 00:00,0.0182931678995047,0.0,45.0
11-Oct-2018 00:00,12-Oct-2018 00:00,1.31145605500044,1.0,3168.21917642193
12-Oct-2018 00:00,13-Oct-2018 00:00,2.1149648558096,4.73001256366689,5112.26219852865
13-Oct-2018 00:00,14-Oct-2018 00:00,2.1149648558096,2.87742462000467,5112.26219852865
14-Oct-2018 00:00,15-Oct-2018 00:00,2.1149648558096,2.87742462000467,5112.26219852865
15-Oct-2018 00:00,16-Oct-2018 00:00,2.1149648558096,2.87742462000467,5112.26219852865
16-Oct-2018 00:00,17-Oct-2018 00:00,2.1149648558096,2.87742462000467,5112.26219852865
17-Oct-2018 00:00,18-Oct-2018 00:00,2.83290959675661,1.76028895631443,6794.46983093483
18-Oct-2018 00:00,19-Oct-2018 00:00,2.80354338993778,4.41215082091082,6912.38172579848
19-Oct-2018 00:00,20-Oct-2018 00:00,3.61775805486242,7.58784917908918,8624.46847119826
20-Oct-2018 00:00,21-Oct-2018 00:00,3.31976205676916,18.0,7885.50446793479
21-Oct-2018 00:00,22-Oct-2018 00:00,1.96589517208494,2.0,4783.27045512301
22-Oct-2018 00:00,23-Oct-2018 00:00,1.96589517208494,3.0,4783.27045512301
23-Oct-2018 00:00,24-Oct-2018 00:00,1.96589517208494,7.0,4783.27045512301
24-Oct-2018 00:00,25-Oct-2018 00:00,1.96589517208494,3.0,4783.27045512301
25-Oct-2018 00:00,26-Oct-2018 00:00,2.88480046571899,6.0,6970.05105553301
26-Oct-2018 00:00,27-Oct-2018 00:00,3.08563921369314,13.6519903306041,7655.87870851371
27-Oct-2018 00:00,28-Oct-2018 00:00,2.75222490831149,1.34800966939587,6828.63375052973
28-Oct-2018 00:00,29-Oct-2018 00:00,1.58715554541882,3.0,3776.57440429964
29-Oct-2018 00:00,30-Oct-2018 00:00,2.6636803757067,8.0,6390.30848589871
30-Oct-2018 00:00,31-Oct-2018 00:00,2.6636803757067,7.0,6390.30848589871
31-Oct-2018 00:00,01-Nov-2018 00:00,2.6636803757067,4.0,6390.30848589871
01-Nov-2018 00:00,02-Nov-2018 00:00,2.6636803757067,5.0,6390.30848589871
02-Nov-2018 00:00,03-Nov-2018 00:00,2.6636803757067,3.0,6390.30848589871
03-Nov-2018 00:00,04-Nov-2018 00:00,2.6636803757067,1.0,6390.30848589872
04-Nov-2018 00:00,05-Nov-2018 00:00,2.6636803757067,0.0,6390.30848589871
05-Nov-2018 00:00,06-Nov-2018 00:00,2.6636803757067,2.0,6390.30848589871
06-Nov-2018 00:00,07-Nov-2018 00:00,2.6636803757067,9.0,6390.30848589871
07-Nov-2018 00:00,08-Nov-2018 00:00,2.6636803757067,5.0,6390.30848589871
08-Nov-2018 00:00,09-Nov-2018 00:00,3.70901510345407,4.0,8920.78359014462
09-Nov-2018 00:00,10-Nov-2018 00:00,2.07637646960035,2.0,4748.21985934119
10-Nov-2018 00:00,11-Nov-2018 00:00,1.77561889274866,0.0,4310.33728722742
11-Nov-2018 00:00,12-Nov-2018 00:00,0.603339000239029,0.0,1504.0
12-Nov-2018 00:00,13-Nov-2018 00:00,2.56734420981562,3.0,6182.0
13-Nov-2018 00:00,14-Nov-2018 00:00,3.28016260041418,6.0,7861.0
14-Nov-2018 00:00,15-Nov-2018 00:00,3.05658081802439,6.0,7446.0
15-Nov-2018 00:00,16-Nov-2018 00:00,1.53410333651708,1.0,3758.0
16-Nov-2018 00:00,17-Nov-2018 00:00,3.0926141334602,1.0,7143.0
17-Nov-2018 00:00,18-Nov-2018 00:00,0.530595074763257,1.0,1288.0
18-Nov-2018 00:00,19-Nov-2018 00:00,0.876798248230665,0.0,2196.0
19-Nov-2018 00:00,20-Nov-2018 00:00,2.07987850950644,3.0,4695.0
20-Nov-2018 00:00,21-Nov-2018 00:00,3.43950081523884,3.0,8751.0
21-Nov-2018 00:00,22-Nov-2018 00:00,3.55124199673762,4.0,8274.0
22-Nov-2018 00:00,23-Nov-2018 00:00,3.85824907540176,9.0,9305.0
23-Nov-2018 00:00,24-Nov-2018 00:00,3.9477265270843,7.0,9137.0
24-Nov-2018 00:00,25-Nov-2018 00:00,1.57977411914465,3.0,3881.0
25-Nov-2018 00:00,26-Nov-2018 00:00,1.04108879145642,1.0,2905.0
26-Nov-2018 00:00,27-Nov-2018 00:00,3.75195110554626,5.0,9235.0
27-Nov-2018 00:00,28-Nov-2018 00:00,3.38150824186605,2.0,7878.0
28-Nov-2018 00:00,29-Nov-2018 00:00,4.99887644315143,10.0,11780.0
29-Nov-2018 00:00,30-Nov-2018 00:00,2.86965993597436,6.0,6846.0
30-Nov-2018 00:00,01-Dec-2018 00:00,3.82964319321649,6.0,9853.0
01-Dec-2018 00:00,02-Dec-2018 00:00,0.728632287441267,0.0,1928.0
02-Dec-2018 00:00,03-Dec-2018 00:00,0.903703620852906,0.0,2114.0
03-Dec-2018 00:00,04-Dec-2018 00:00,2.23758251809652,3.0,5240.0
04-Dec-2018 00:00,05-Dec-2018 00:00,2.96798571343551,4.0,6899.0
05-Dec-2018 00:00,06-Dec-2018 00:00,2.71715059055405,2.0,6732.0
06-Dec-2018 00:00,07-Dec-2018 00:00,2.53224916487741,3.0,6542.0
07-Dec-2018 00:00,08-Dec-2018 00:00,3.07851652101594,5.0,7818.81691427368
08-Dec-2018 00:00,09-Dec-2018 00:00,2.53631313467366,6.0,6218.18308572632
09-Dec-2018 00:00,10-Dec-2018 00:00,2.9211653940982,6.0,6861.0
10-Dec-2018 00:00,11-Dec-2018 00:00,3.41544132267521,15.0,8634.0
11-Dec-2018 00:00,12-Dec-2018 00:00,2.75497966873609,5.0,7314.0
12-Dec-2018 00:00,13-Dec-2018 00:00,3.45596093811983,13.0,8326.0
13-Dec-2018 00:00,14-Dec-2018 00:00,3.35912645152303,5.0,7936.0
14-Dec-2018 00:00,15-Dec-2018 00:00,4.76750154099849,10.0,11356.0
15-Dec-2018 00:00,16-Dec-2018 00:00,2.96413942575255,2.0,6697.0
16-Dec-2018 00:00,17-Dec-2018 00:00,1.00691958959768,0.0,2263.0
17-Dec-2018 00:00,18-Dec-2018 00:00,1.70176792531687,1.0,3775.0
18-Dec-2018 00:00,19-Dec-2018 00:00,1.80093255388658,0.0,4085.0
19-Dec-2018 00:00,20-Dec-2018 00:00,0.996865803706673,1.0,2330.0
20-Dec-2018 00:00,21-Dec-2018 00:00,2.2076945637479,1.0,5017.0
21-Dec-2018 00:00,22-Dec-2018 00:00,0.507206663087146,2.0,1166.0
22-Dec-2018 00:00,23-Dec-2018 00:00,1.79406823095386,3.0,4352.0
23-Dec-2018 00:00,24-Dec-2018 00:00,0.801985156685999,0.0,2115.0
24-Dec-2018 00:00,25-Dec-2018 00:00,3.92113184005709,5.0,9586.0
25-Dec-2018 00:00,26-Dec-2018 00:00,3.65476324283001,6.0,8351.0
26-Dec-2018 00:00,27-Dec-2018 00:00,1.31139147379347,1.0,3252.0
27-Dec-2018 00:00,28-Dec-2018 00:00,3.97727894098628,13.0,9687.0
28-Dec-2018 00:00,29-Dec-2018 00:00,3.65790036188453,6.0,9233.0
29-Dec-2018 00:00,30-Dec-2018 00:00,0.024233476497256,0.0,56.0
30-Dec-2018 00:00,31-Dec-2018 00:00,3.35419897796747,1.0,7548.0
31-Dec-2018 00:00,01-Jan-2019 00:00,4.41209586017502,3.0,10457.0
01-Jan-2019 00:00,02-Jan-2019 00:00,3.49009285770895,4.0,8357.0
02-Jan-2019 00:00,03-Jan-2019 00:00,3.1143621251893,5.0,7832.0
03-Jan-2019 00:00,04-Jan-2019 00:00,3.40303875367803,8.0,8260.0
04-Jan-2019 00:00,05-Jan-2019 00:00,3.40410751212939,6.0,7698.0
05-Jan-2019 00:00,06-Jan-2019 00:00,0.804973952119393,0.0,1899.0
06-Jan-2019 00:00,07-Jan-2019 00:00,2.30002410920401,3.0,5195.0
07-Jan-2019 00:00,08-Jan-2019 00:00,2.53876113497523,5.0,6385.0
08-Jan-2019 00:00,09-Jan-2019 00:00,3.12037078461675,3.0,7742.0
09-Jan-2019 00:00,10-Jan-2019 00:00,2.46484903165653,4.0,6401.0
10-Jan-2019 00:00,11-Jan-2019 00:00,3.699153195341,12.0,9068.0
11-Jan-2019 00:00,12-Jan-2019 00:00,3.51331349916531,2.0,8613.0
12-Jan-2019 00:00,13-Jan-2019 00:00,2.68440432871876,3.0,6293.0
13-Jan-2019 00:00,14-Jan-2019 00:00,1.92664817156488,2.0,4355.35087403136
14-Jan-2019 00:00,15-Jan-2019 00:00,3.4792703745248,3.0,8897.07316122415
15-Jan-2019 00:00,16-Jan-2019 00:00,2.30338878509335,3.0,5461.57596474448
16-Jan-2019 00:00,17-Jan-2019 00:00,3.60170355126013,6.0,8361.0
17-Jan-2019 00:00,18-Jan-2019 00:00,3.70203635766959,7.0,8889.0
18-Jan-2019 00:00,19-Jan-2019 00:00,2.33199365704199,2.0,5445.0
19-Jan-2019 00:00,20-Jan-2019 00:00,0.140603873379192,0.0,330.0
20-Jan-2019 00:00,21-Jan-2019 00:00,0.952841654737251,0.0,2302.0
21-Jan-2019 00:00,22-Jan-2019 00:00,2.91773542511855,7.0,6960.0
22-Jan-2019 00:00,23-Jan-2019 00:00,3.02130557544049,4.0,7431.0
23-Jan-2019 00:00,24-Jan-2019 00:00,3.32022861488971,5.0,8124.0
24-Jan-2019 00:00,25-Jan-2019 00:00,3.35444131273455,7.0,8879.0
25-Jan-2019 00:00,26-Jan-2019 00:00,0.826063290384183,0.0,1952.0
26-Jan-2019 00:00,27-Jan-2019 00:00,0.688665692357173,0.0,1641.0
27-Jan-2019 00:00,28-Jan-2019 00:00,2.80951741827667,1.0,6410.0
28-Jan-2019 00:00,29-Jan-2019 00:00,2.7178092440193,7.0,7408.0
29-Jan-2019 00:00,30-Jan-2019 00:00,2.7921998031496,3.0,7222.0
30-Jan-2019 00:00,31-Jan-2019 00:00,2.85246038137233,4.0,7186.0
31-Jan-2019 00:00,01-Feb-2019 00:00,4.22467788117544,6.0,10770.0
01-Feb-2019 00:00,02-Feb-2019 00:00,3.59039459556282,4.0,8920.0
02-Feb-2019 00:00,03-Feb-2019 00:00,0.896203670563574,3.0,2064.0
03-Feb-2019 00:00,04-Feb-2019 00:00,0.434698858665802,0.0,1008.0
04-Feb-2019 00:00,05-Feb-2019 00:00,3.77836559492437,6.0,8609.0
05-Feb-2019 00:00,06-Feb-2019 00:00,1.28660497693569,1.0,3080.0
06-Feb-2019 00:00,07-Feb-2019 00:00,0.771053298734381,1.0,1822.0
07-Feb-2019 00:00,08-Feb-2019 00:00,0.0275950946472079,0.0,65.0
08-Feb-2019 00:00,09-Feb-2019 00:00,3.09863693975815,1.0,6928.0
09-Feb-2019 00:00,10-Feb-2019 00:00,1.10428692854869,0.0,2490.0
10-Feb-2019 00:00,11-Feb-2019 00:00,3.29400053686416,5.0,7473.0
11-Feb-2019 00:00,12-Feb-2019 00:00,3.3434244014946,7.0,8445.0
12-Feb-2019 00:00,13-Feb-2019 00:00,3.05421339378063,3.0,7263.0
13-Feb-2019 00:00,14-Feb-2019 00:00,2.83666512566621,3.0,7019.0
14-Feb-2019 00:00,15-Feb-2019 00:00,5.10729216376414,10.0,12120.0
15-Feb-2019 00:00,16-Feb-2019 00:00,2.78269903762055,1.0,6477.0
16-Feb-2019 00:00,17-Feb-2019 00:00,1.07882466396315,1.0,2530.0
17-Feb-2019 00:00,18-Feb-2019 00:00,2.64738140863567,2.0,6485.88835679208
18-Feb-2019 00:00,19-Feb-2019 00:00,2.4298857369621,12.0,6067.11164320792
19-Feb-2019 00:00,20-Feb-2019 00:00,2.2659543267307,6.0,5198.0
20-Feb-2019 00:00,21-Feb-2019 00:00,2.59310625944727,2.0,5987.0
21-Feb-2019 00:00,22-Feb-2019 00:00,4.02255825976164,1.0,9338.0
22-Feb-2019 00:00,23-Feb-2019 00:00,4.47878141652742,3.0,10676.0
23-Feb-2019 00:00,24-Feb-2019 00:00,0.0737629742304708,0.0,169.0
24-Feb-2019 00:00,25-Feb-2019 00:00,1.33650729738286,0.0,3184.0
25-Feb-2019 00:00,26-Feb-2019 00:00,5.46246793724307,5.0,12869.0
26-Feb-2019 00:00,27-Feb-2019 00:00,3.2735263560757,6.0,7673.0
27-Feb-2019 00:00,28-Feb-2019 00:00,2.05125193867764,11.0,5104.0
28-Feb-2019 00:00,01-Mar-2019 00:00,3.14756198798754,3.0,7258.0
01-Mar-2019 00:00,02-Mar-2019 00:00,3.35260205399882,3.0,7436.0
02-Mar-2019 00:00,03-Mar-2019 00:00,1.00509897200049,3.0,2247.0
03-Mar-2019 00:00,04-Mar-2019 00:00,1.06248260160236,0.0,2444.0
04-Mar-2019 00:00,05-Mar-2019 00:00,2.83862244492372,7.0,6660.0
05-Mar-2019 00:00,06-Mar-2019 00:00,3.13821656525511,5.0,7865.0
06-Mar-2019 00:00,07-Mar-2019 00:00,2.95050654179396,3.0,6773.0
07-Mar-2019 00:00,08-Mar-2019 00:00,2.02052513322457,2.0,5148.0
08-Mar-2019 00:00,09-Mar-2019 00:00,3.62487448300827,6.0,8192.0
09-Mar-2019 00:00,10-Mar-2019 00:00,0.0244012467191717,0.0,59.0
10-Mar-2019 00:00,11-Mar-2019 00:00,4.08965917308056,12.0,9059.0
11-Mar-2019 00:00,12-Mar-2019 00:00,2.9941889366116,6.0,7278.0
12-Mar-2019 00:00,13-Mar-2019 00:00,2.44865609837804,2.0,5986.0
13-Mar-2019 00:00,14-Mar-2019 00:00,3.26177001311674,5.45375590431371,7802.0
14-Mar-2019 00:00,15-Mar-2019 00:00,1.86187664040152,1.83412239822444,4587.0
15-Mar-2019 00:00,16-Mar-2019 00:00,3.00401281515715,1.71212169746184,7078.0
16-Mar-2019 00:00,17-Mar-2019 00:00,0.0645915354328973,0.0,144.0
17-Mar-2019 00:00,18-Mar-2019 00:00,1.5811411357666,2.0,4051.0
18-Mar-2019 00:00,19-Mar-2019 00:00,3.12330987035479,3.0,7485.0
19-Mar-2019 00:00,20-Mar-2019 00:00,3.85153205280966,7.0,9273.0
20-Mar-2019 00:00,21-Mar-2019 00:00,2.97941894336907,9.0,7176.0
21-Mar-2019 00:00,22-Mar-2019 00:00,4.75837359818969,10.0,11413.0
22-Mar-2019 00:00,23-Mar-2019 00:00,2.97393223573723,6.0,6674.0
23-Mar-2019 00:00,24-Mar-2019 00:00,0.659237552686311,0.0,1842.0
24-Mar-2019 00:00,25-Mar-2019 00:00,3.63392443953098,1.0,8445.0
25-Mar-2019 00:00,26-Mar-2019 00:00,3.56069994113554,2.0,8052.0
26-Mar-2019 00:00,27-Mar-2019 00:00,0.271470860175348,0.0,631.0
27-Mar-2019 00:00,28-Mar-2019 00:00,2.95893854887744,2.0,7177.0
28-Mar-2019 00:00,29-Mar-2019 00:00,2.43674441262073,5.0,5683.0
29-Mar-2019 00:00,30-Mar-2019 00:00,8.17564914386692,1.0,19796.0
30-Mar-2019 00:00,31-Mar-2019 00:00,2.01543819047808,3.0,4842.0
31-Mar-2019 00:00,01-Apr-2019 00:00,1.39882461424911,0.0,3174.0
01-Apr-2019 00:00,02-Apr-2019 00:00,3.01030109162874,4.0,7066.0
02-Apr-2019 00:00,03-Apr-2019 00:00,3.23631864908851,4.0,7291.0
03-Apr-2019 00:00,04-Apr-2019 00:00,3.0713073152704,7.0,7213.0
04-Apr-2019 00:00,05-Apr-2019 00:00,2.59820771692365,7.0,6507.0
05-Apr-2019 00:00,06-Apr-2019 00:00,0.0494176509183632,0.0,111.0
06-Apr-2019 00:00,07-Apr-2019 00:00,2.73415130636193,4.0,6308.0
07-Apr-2019 00:00,08-Apr-2019 00:00,1.13603430963306,0.0,2637.0
08-Apr-2019 00:00,09-Apr-2019 00:00,2.26459973752255,2.0,5559.0
09-Apr-2019 00:00,10-Apr-2019 00:00,4.31385086097234,9.0,10759.0
10-Apr-2019 00:00,11-Apr-2019 00:00,3.19276052850176,4.0,7381.0
11-Apr-2019 00:00,12-Apr-2019 00:00,2.80457130357824,7.0,6452.0
12-Apr-2019 00:00,13-Apr-2019 00:00,3.10256228624475,4.0,7259.0
13-Apr-2019 00:00,14-Apr-2019 00:00,2.58881879819775,3.0,5861.0
14-Apr-2019 00:00,15-Apr-2019 00:00,0.169945021076332,0.0,395.0
15-Apr-2019 00:00,16-Apr-2019 00:00,3.06574463668314,1.0,6970.0
16-Apr-2019 00:00,17-Apr-2019 00:00,1.1660030422309,0.0,2700.0
17-Apr-2019 00:00,18-Apr-2019 00:00,0.0386306470213488,0.0,92.0
18-Apr-2019 00:00,19-Apr-2019 00:00,4.342433935806,12.0,10694.0
19-Apr-2019 00:00,20-Apr-2019 00:00,1.26210431082054,1.0,3016.0
20-Apr-2019 00:00,21-Apr-2019 00:00,2.29003246042961,0.0,5413.0
21-Apr-2019 00:00,22-Apr-2019 00:00,1.10069071621419,1.0,2800.0
22-Apr-2019 00:00,23-Apr-2019 00:00,2.82405493203425,7.0,7232.0
23-Apr-2019 00:00,24-Apr-2019 00:00,4.64451488084007,10.0,11785.0
24-Apr-2019 00:00,25-Apr-2019 00:00,2.26734619819291,2.0,6266.0
25-Apr-2019 00:00,26-Apr-2019 00:00,2.97574965520246,7.0,7702.0
26-Apr-2019 00:00,27-Apr-2019 00:00,3.65305362635613,7.0,9369.0
27-Apr-2019 00:00,28-Apr-2019 00:00,3.30614834366744,4.0,7429.0
28-Apr-2019 00:00,29-Apr-2019 00:00,3.20256576591268,9.0,8020.0
29-Apr-2019 00:00,30-Apr-2019 00:00,3.35317992920814,3.0,8220.0
30-Apr-2019 00:00,01-May-2019 00:00,2.33244104428838,0.0,5609.0
01-May-2019 00:00,02-May-2019 00:00,1.29441561280632,0.0,2922.0
02-May-2019 00:00,03-May-2019 00:00,3.683121818578,2.0,8144.0
03-May-2019 00:00,04-May-2019 00:00,3.69673606139379,3.0,8413.0
04-May-2019 00:00,05-May-2019 00:00,0.337261642009657,0.0,773.0
05-May-2019 00:00,06-May-2019 00:00,0.872069613453769,0.0,2066.0
06-May-2019 00:00,07-May-2019 00:00,4.56503395171758,10.0,11288.0
07-May-2019 00:00,08-May-2019 00:00,1.65249940347856,3.0,4020.0
08-May-2019 00:00,09-May-2019 00:00,3.45636482939472,5.0,8529.0
09-May-2019 00:00,10-May-2019 00:00,3.74821666467462,5.0,8966.0
10-May-2019 00:00,11-May-2019 00:00,1.95242449941923,0.0,4724.91170782023
11-May-2019 00:00,12-May-2019 00:00,0.439121372679753,1.0,995.088292179773
12-May-2019 00:00,13-May-2019 00:00,2.92086092218804,5.0,7323.0
13-May-2019 00:00,14-May-2019 00:00,3.24721749976117,2.0,7645.0
14-May-2019 00:00,15-May-2019 00:00,3.56401738845042,5.0,8752.0
15-May-2019 00:00,16-May-2019 00:00,1.65364272646596,2.0,4492.0
16-May-2019 00:00,17-May-2019 00:00,3.00610062235864,7.0,7494.0
17-May-2019 00:00,18-May-2019 00:00,3.10830375606217,4.0,7679.0
18-May-2019 00:00,19-May-2019 00:00,0.478337757494087,1.0,1088.0
19-May-2019 00:00,20-May-2019 00:00,1.26610594129779,0.0,3103.0
20-May-2019 00:00,21-May-2019 00:00,3.57100160065695,7.0,8362.0
21-May-2019 00:00,22-May-2019 00:00,2.81359982699452,6.0,6558.0
22-May-2019 00:00,23-May-2019 00:00,3.20062708780918,7.0,7185.0
23-May-2019 00:00,24-May-2019 00:00,4.38320093494953,11.0,10594.0
24-May-2019 00:00,25-May-2019 00:00,3.31591008509298,5.0,8108.0
25-May-2019 00:00,26-May-2019 00:00,2.94622362289459,2.0,7560.0
26-May-2019 00:00,27-May-2019 00:00,2.27193813129307,0.0,5286.0
27-May-2019 00:00,28-May-2019 00:00,5.01915687384846,18.0,12244.0
28-May-2019 00:00,29-May-2019 00:00,3.47325920754461,3.0,8035.42341326699
29-May-2019 00:00,30-May-2019 00:00,2.24710376509273,5.0,5391.57658673301
30-May-2019 00:00,31-May-2019 00:00,2.17907420663334,2.0,5018.0
31-May-2019 00:00,01-Jun-2019 00:00,5.30285631905879,3.0,12020.0
01-Jun-2019 00:00,02-Jun-2019 00:00,0.14614029070183,0.0,362.0
02-Jun-2019 00:00,03-Jun-2019 00:00,2.08709884275488,0.0,5464.0
03-Jun-2019 00:00,04-Jun-2019 00:00,2.36520594726126,4.0,5568.0
04-Jun-2019 00:00,05-Jun-2019 00:00,3.26360927183677,3.0,7803.0
05-Jun-2019 00:00,06-Jun-2019 00:00,2.49888355404607,3.0,6220.0
06-Jun-2019 00:00,07-Jun-2019 00:00,3.79083030103844,4.0,8712.0
07-Jun-2019 00:00,08-Jun-2019 00:00,1.7315502465434,1.0,4054.0
08-Jun-2019 00:00,09-Jun-2019 00:00,0.0287446313529049,0.0,69.0
09-Jun-2019 00:00,10-Jun-2019 00:00,1.95201895926724,1.0,4655.0
10-Jun-2019 00:00,11-Jun-2019 00:00,3.00265201223591,5.0,7049.0
11-Jun-2019 00:00,12-Jun-2019 00:00,2.50525680028073,4.0,6070.0
12-Jun-2019 00:00,13-Jun-2019 00:00,2.85523169687876,3.0,6606.0
13-Jun-2019 00:00,14-Jun-2019 00:00,3.04726025013374,2.0,6919.0
14-Jun-2019 00:00,15-Jun-2019 00:00,0.882999532726433,3.0,2201.0
